t,x0,y0,x1,y1,x2,y2
0,0.8584630769,0,-0.5957197644,0,-0.2627433125,0
0.007455098553036325,-0.5957197644,0,-0.2627433125,0,0.8584278308707853,0.00760768286006068
0.01510626645509657,-0.2627433125,0,0.8584278308707853,0.00760768286006068,-0.5954560538973226,-0.013068224936520038
0.022711495811683635,0.8584278308707853,0.00760768286006068,-0.5954560538973226,-0.013068224936520038,-0.26297177697346275,0.005460542076459358
0.03033508305573655,-0.5954560538973226,-0.013068224936520038,-0.26297177697346275,0.005460542076459358,0.8583183739416884,0.015414967094914378
0.03796444611003423,-0.26297177697346275,0.005460542076459358,0.8583183739416884,0.015414967094914378,-0.5946378951122312,-0.026450511467083826
0.04560604422058514,0.8583183739416884,0.015414967094914378,-0.5946378951122312,-0.026450511467083826,-0.26368047882945717,0.01103554437216945
0.053261421437068295,-0.5946378951122312,-0.026450511467083826,-0.26368047882945717,0.01103554437216945,0.858136046885812,0.023174405528989493
0.06093316005309614,-0.26368047882945717,0.01103554437216945,0.858136046885812,0.023174405528989493,-0.5932777266722539,-0.03969288532195493
0.06862335983287046,0.858136046885812,0.023174405528989493,-0.5932777266722539,-0.03969288532195493,-0.26485832021355804,0.016518479792965446
0.07633398969179071,-0.5932777266722539,-0.03969288532195493,-0.26485832021355804,0.016518479792965446,0.8578797760511145,0.030951110403249917
0.08406677384379578,-0.26485832021355804,0.016518479792965446,0.8578797760511145,0.030951110403249917,-0.5913715689996608,-0.0528778317747455
0.09182319836357626,0.8578797760511145,0.030951110403249917,-0.5913715689996608,-0.0528778317747455,-0.26650820705145367,0.021926721371495587
0.0996044919421513,-0.5913715689996608,-0.0528778317747455,-0.26650820705145367,0.021926721371495587,0.857549729769659,0.03873174285236381
0.10741161766818831,-0.26650820705145367,0.021926721371495587,0.857549729769659,0.03873174285236381,-0.5889263341006303,-0.06595372403826678
0.11524526709330694,0.857549729769659,0.03873174285236381,-0.5889263341006303,-0.06595372403826678,-0.2686233956690286,0.02722198118590298
0.12310585892085985,-0.5889263341006303,-0.06595372403826678,-0.2686233956690286,0.02722198118590298,0.8571454889293,0.04652237963207051
0.13099354166406801,-0.2686233956690286,0.02722198118590298,0.8571454889293,0.04652237963207051,-0.5859461772918982,-0.07890216015623892
0.13890820039899385,0.8571454889293,0.04652237963207051,-0.5859461772918982,-0.07890216015623892,-0.27119931163740163,0.03237978052416843
0.14684946723638015,-0.5859461772918982,-0.07890216015623892,-0.27119931163740163,0.03237978052416843,0.8566667421830223,0.05432407089582305
0.15481673507901098,-0.27119931163740163,0.03237978052416843,0.8566667421830223,0.05432407089582305,-0.5824376685935421,-0.09169644845360465
0.16280917411890147,0.8566667421830223,0.05432407089582305,-0.5824376685935421,-0.09169644845360465,-0.2742290735894801,0.03737237755778162
0.1708257504647371,-0.5824376685935421,-0.09169644845360465,-0.2742290735894801,0.03737237755778162,0.8561130638039508,0.06213890991428665
0.1788652461675469,-0.2742290735894801,0.03737237755778162,0.8561130638039508,0.06213890991428665,-0.5784081418983105,-0.10431189827794642
0.18692627994148983,0.8561130638039508,0.06213890991428665,-0.5784081418983105,-0.10431189827794642,-0.2777049219056402,0.04217298836365978
0.1950073279816728,-0.5784081418983105,-0.10431189827794642,-0.2777049219056402,0.04217298836365978,0.8554839946166272,0.06996848019137489
0.2031067440634974,-0.2777049219056402,0.04217298836365978,0.8554839946166272,0.06996848019137489,-0.5738662864964417,-0.11672328625466928
0.21122277863283756,0.8554839946166272,0.06996848019137489,-0.5738662864964417,-0.11672328625466928,-0.28161770812018544,0.0467548060632944
0.21935359637434168,-0.5738662864964417,-0.11672328625466928,-0.28161770812018544,0.0467548060632944,0.85477903049947,0.07781421194326424
0.2274972919930564,-0.28161770812018544,0.0467548060632944,0.85477903049947,0.07781421194326424,-0.5688220527062852,-0.12890551584307383
0.23565190407486153,0.85477903049947,0.07781421194326424,-0.5688220527062852,-0.12890551584307383,-0.28595697779318485,0.051091303899809606
0.24381542706995368,-0.5688220527062852,-0.12890551584307383,-0.28595697779318485,0.051091303899809606,0.853997639740993,0.08567726438754023
0.2519858214545137,-0.28595697779318485,0.051091303899809606,0.853997639740993,0.08567726438754023,-0.5632867632323825,-0.14083350876888945
0.2601610223533639,0.853997639740993,0.08567726438754023,-0.5632867632323825,-0.14083350876888945,-0.2907108765086106,0.055156244381349216
0.2683389468014494,-0.5632867632323825,-0.14083350876888945,-0.2907108765086106,0.055156244381349216,0.8531392729577073,0.09355853102258606
0.2765175002278651,-0.2907108765086106,0.055156244381349216,0.8531392729577073,0.09355853102258606,-0.5572731629912603,-0.1524823079162534
0.284694582297975,0.8531392729577073,0.09355853102258606,-0.5572731629912603,-0.1524823079162534,-0.2958661099664471,0.05892377689366731
0.2928680928469832,-0.5572731629912603,-0.1524823079162534,-0.2958661099664471,0.05892377689366731,0.8522033757561002,0.10145861897142566
0.3010359380897921,-0.2958661099664471,0.05892377689366731,0.8522033757561002,0.10145861897142566,-0.550795479991425,-0.16382715050376823
0.3091960378220593,0.8522033757561002,0.10145861897142566,-0.550795479991425,-0.16382715050376823,-0.3014078957646753,0.06236853153234255
0.3173463337652831,-0.550795479991425,-0.16382715050376823,-0.3014078957646753,0.06236853153234255,0.8511894009174129,0.1093778399103558
0.325484799646599,-0.3014078957646753,0.06236853153234255,0.8511894009174129,0.1093778399103558,-0.5438694727334662,-0.17484356991479863
0.3336094531635583,0.8511894009174129,0.1093778399103558,-0.5438694727334662,-0.17484356991479863,-0.30731992818394677,0.06546573000444282
0.3417183701532485,-0.5438694727334662,-0.17484356991479863,-0.30731992818394677,0.06546573000444282,0.8500968206272533,0.11731620369939631
0.349809700858927,-0.30731992818394677,0.06546573000444282,0.8500968206272533,0.11731620369939631,-0.5365124668237788,-0.18550751064857257
0.35788168848761376,0.8500968206272533,0.11731620369939631,-0.5365124668237788,-0.18550751064857257,-0.31358435380347455,0.06819130694917623
0.36593268955302155,-0.5365124668237788,-0.18550751064857257,-0.31358435380347455,0.06819130694917623,0.8489251382394397,0.12527341709776246
0.373961195830299,-0.31358435380347455,0.06819130694917623,0.8489251382394397,0.12527341709776246,-0.5287433764641407,-0.1957954578073878
0.38196585725818977,0.8489251382394397,0.12527341709776246,-0.5287433764641407,-0.1957954578073878,-0.320181761775299,0.0705220407096253
0.38994550517956234,-0.5287433764641407,-0.1957954578073878,-0.320181761775299,0.0705220407096253,0.8476738993739821,0.13324888689574654
0.397899175049989,-0.320181761775299,0.0705220407096253,0.8476738993739821,0.13324888689574654,-0.5205827090557723,-0.20568457755162273
0.40582612786405586,0.8476738993739821,0.13324888689574654,-0.5205827090557723,-0.20568457755162273,-0.32709119031820977,0.07243569065587616
0.41372586940563566,-0.5205827090557723,-0.20568457755162273,-0.32709119031820977,0.07243569065587616,0.8463427020656809,0.14124172757710457
0.42159816649822335,-0.32709119031820977,0.07243569065587616,0.8463427020656809,0.14124172757710457,-0.5120525510035636,-0.21515286579660353
0.42944305962371854,0.8463427020656809,0.14124172757710457,-0.5120525510035636,-0.21515286579660353,-0.33429015106211724,0.07391113821949892
0.43726087130466357,-0.5120525510035636,-0.21515286579660353,-0.33429015106211724,0.07391113821949892,0.8449312057634037,0.14925077310880142
0.44505220992093997,-0.33429015106211724,0.07391113821949892,0.8449312057634037,0.14925077310880142,-0.5031765338101657,-0.22417930155192978
0.45281796876318886,0.8449312057634037,0.14925077310880142,-0.5031765338101657,-0.22417930155192978,-0.34175467195323805,0.0749285284431283
0.46055932031069347,-0.5031765338101657,-0.22417930155192978,-0.34175467195323805,0.0749285284431283,0.8434391390219154,0.1572745923897623
0.4682777059241927,-0.34175467195323805,0.0749285284431283,0.8434391390219154,0.1572745923897623,-0.4939797802357809,-0.23274400123935987
0.4759748212689794,0.8434391390219154,0.1572745923897623,-0.4939797802357809,-0.23274400123935987,-0.34945935878613454,0.07546940884959752
0.48365259790422166,-0.4939797802357809,-0.23274400123935987,-0.34945935878613454,0.07546940884959752,0.8418663057861755,0.16531150777088763
0.49131318147783687,-0.34945935878613454,0.07546940884959752,0.8418663057861755,0.16531150777088763,-0.484488831041333,-0.24082837033955412
0.49895890713231494,0.8418663057861755,0.16531150777088763,-0.484488831041333,-0.24082837033955412,-0.3573774747448425,0.07551686256866644
0.5065922725429608,-0.484488831041333,-0.24082837033955412,-0.3573774747448425,0.07551686256866644,0.8402125902255523,0.1733596159901507
0.5142159091841092,-0.3573774747448425,0.07551686256866644,0.8402125902255523,0.1733596159901507,-0.4747315534949116,-0.2484152489372251
0.5218325522350793,0.8402125902255523,0.1733596159901507,-0.4747315534949116,-0.2484152489372251,-0.36548103673064064,0.07505563294707435
0.5294450095919532,-0.4747315534949116,-0.2484152489372251,-0.36548103673064064,0.07505563294707435,0.838477960151209,0.18141681074185687
0.5370561303151725,-0.36548103673064064,0.07505563294707435,0.838477960151209,0.18141681074185687,-0.4647370334952946,-0.2554890480304796
0.5446687728960272,0.838477960151209,0.18141681074185687,-0.4647370334952946,-0.2554890480304796,-0.37374092665591435,0.07407223728862272
0.5522857736501229,-0.4647370334952946,-0.2554890480304796,-0.37374092665591435,0.07407223728862272,0.8366624691010761,0.18948080612952745
0.5599099155446213,-0.37374092665591435,0.07407223728862272,0.8366624691010761,0.18948080612952745,-0.45453545357435393,-0.2620358740337447
0.5675438977172508,0.8366624691010761,0.18948080612952745,-0.45453545357435393,-0.2620358740337447,-0.3821270155267221,0.07255506790421724
0.5751903060570197,-0.45453545357435393,-0.2620358740337447,-0.3821270155267221,0.07255506790421724,0.8347662572067742,0.19754916036022907
0.5828515851256715,-0.3821270155267221,0.07255506790421724,0.8347662572067742,0.19754916036022907,-0.44415795922468126,-0.26804363956282007
0.5905300118097679,0.8347662572067742,0.19754916036022907,-0.44415795922468126,-0.26804363956282007,-0.39060829798209296,0.07049447920259101
0.5982276710483653,-0.44415795922468126,-0.26804363956282007,-0.39060829798209296,0.07049447920259101,0.8327895510574645,0.2056192988262965
0.6059464340299863,-0.39060829798209296,0.07049447920259101,0.8327895510574645,0.2056192988262965,-0.4336365164692136,-0.2735021590140065
0.613687939301344,0.8327895510574645,0.2056192988262965,-0.4336365164692136,-0.2735021590140065,-0.3991530345882509,0.06788286018771002
0.6214535771180302,-0.4336365164692136,-0.2735021590140065,-0.3991530345882509,0.06788286018771002,0.8307326627022505,0.2136885362524837
0.6292444774149545,-0.3991530345882509,0.06788286018771002,0.8307326627022505,0.2136885362524837,-0.4230037629919714,-0.2784032284450329
0.6370615016749118,0.8307326627022505,0.2136885362524837,-0.4230037629919714,-0.2784032284450329,-0.4077288997102791,0.06471469219254924
0.6449052388966627,-0.4230037629919714,-0.2784032284450329,-0.4077288997102791,0.06471469219254924,0.828595988013995,0.2217540973713282
0.6527760057202086,-0.4077288997102791,0.06471469219254924,0.828595988013995,0.2217540973713282,-0.41229285537263805,-0.28274068955215914
0.6606738506857386,0.828595988013995,0.2217540973713282,-0.41229285537263805,-0.28274068955215914,-0.416303132641357,0.060986592180830974
0.6685985624171239,-0.41229285537263805,-0.28274068955215914,-0.416303132641357,0.060986592180830974,0.8263800046066088,0.22981313584516322
0.6765496813919253,-0.416303132641357,0.060986592180830974,0.8263800046066088,0.22981313584516322,-0.401537314510572,-0.2865104781386135
0.6845265147488372,0.8263800046066088,0.22981313584516322,-0.401537314510572,-0.2865104781386135,-0.4248426900960368,0.05669734229345031
0.6925281537474763,-0.401537314510572,-0.2865104781386135,-0.4248426900960368,0.05669734229345031,0.824085269479158,0.23786275128977585
0.7005534929464335,-0.4248426900960368,0.05669734229345031,0.824085269479158,0.23786275128977585,-0.39077087093991364,-0.2897106578334883
0.7086012505773556,0.824085269479158,0.23786275128977585,-0.39077087093991364,-0.2897106578334883,-0.43331439853924436,0.05184790654371245
0.7166699894005577,-0.39077087093991364,-0.2897106578334883,-0.43331439853924436,0.05184790654371245,0.8217124165156935,0.24590000443733834
0.7247581372875299,-0.43331439853924436,0.05184790654371245,0.8217124165156935,0.24590000443733834,-0.3800273112515869,-0.2923414400688549
0.7328640070426127,0.8217124165156935,0.24590000443733834,-0.3800273112515869,-0.2923414400688549,-0.4416851052641066,0.04644143563151653
0.7409858149263923,-0.3800273112515869,-0.2923414400688549,-0.4416851052641066,0.04644143563151653,0.81926215396114,0.25392193049081896
0.7491216975694146,-0.4416851052641066,0.04644143563151653,0.81926215396114,0.25392193049081896,-0.36934032656695476,-0.29440519137364396
0.7572697270768239,0.81926215396114,0.25392193049081896,-0.36934032656695476,-0.29440519137364396,-0.44992182739418524,0.040483260882825
0.7654279241410815,-0.36934032656695476,-0.29440519137364396,-0.44992182739418524,0.040483260882825,0.8167352619159614,0.2619255509484391
0.7735942693649959,-0.44992182739418524,0.040483260882825,0.8167352619159614,0.2619255509484391,-0.3587433634705754,-0.2959064290738801
0.7817667127507355,0.8167352619159614,0.2619255509484391,-0.3587433634705754,-0.2959064290738801,-0.4579918984453859,0.03398087812544099
0.7899431818275285,-0.3587433634705754,-0.2959064290738801,-0.4579918984453859,0.03398087812544099,0.8141325899032511,0.2699078840728096
0.7981215885610663,-0.4579918984453859,0.03398087812544099,0.8141325899032511,0.2699078840728096,-0.34826947775019274,-0.2968518063136208
0.8062998355279027,0.8141325899032511,0.2699078840728096,-0.34826947775019274,-0.2968518063136208,-0.4658631121530583,0.026943922240811227
0.8144758217599348,-0.34826947775019274,-0.2968518063136208,-0.4658631121530583,0.026943922240811227,0.8114550544120945,0.27786595457365726
0.8226474487148583,-0.4658631121530583,0.026943922240811227,0.8114550544120945,0.27786595457365726,-0.33795119062821666,-0.2972500871808256
0.8308126268237872,0.8114550544120945,0.27786595457365726,-0.33795119062821666,-0.2972500871808256,-0.4735038637838779,0.019384132607168314
0.8389692830494831,-0.33795119062821666,-0.2972500871808256,-0.4735038637838779,0.019384132607168314,0.8087036364294754,0.2857968026279682
0.8471153698488361,-0.4735038637838779,0.019384132607168314,0.8087036364294754,0.2857968026279682,-0.32782034768489854,-0.29711211237743657
0.8552488759685417,0.8087036364294754,0.2857968026279682,-0.32782034768489854,-0.29711211237743657,-0.4808832887445768,0.011315309749468393
0.8633678391619276,-0.32782034768489854,-0.29711211237743657,-0.4808832887445768,0.011315309749468393,0.8058793787524237,0.2936974929366433
0.8714703611914671,-0.4808832887445768,0.011315309749468393,0.8058793787524237,0.2936974929366433,-0.3179079799182231,-0.2964507556777519
0.8795546249525141,0.8058793787524237,0.2936974929366433,-0.3179079799182231,-0.2964507556777519,-0.4879713988342005,0.0027532627411085853
0.8876189137368878,-0.3179079799182231,-0.2964507556777519,-0.4879713988342005,0.0027532627411085853,0.8029833830148077,0.3015651239707432
0.8956616322322866,-0.4879713988342005,0.0027532627411085853,0.8029833830148077,0.3015651239707432,-0.30824416717323805,-0.29528087109365375
0.9036813289177301,0.8029833830148077,0.3015651239707432,-0.30824416717323805,-0.29528087109365375,-0.49473921584156955,-0.00628425287708949
0.9116767191743327,-0.30824416717323805,-0.29528087109365375,-0.49473921584156955,-0.00628425287708949,0.8000168061541044,0.3093968380621507
0.9196467084081834,-0.49473921584156955,-0.00628425287708949,0.8000168061541044,0.3093968380621507,-0.29885790367446186,-0.29361923043244925
0.927590414416738,0.8000168061541044,0.3093968380621507,-0.29885790367446186,-0.29361923043244925,-0.5011589024796425,-0.015777607629701464
0.93550718803826,-0.29885790367446186,-0.29361923043244925,-0.5011589024796425,-0.015777607629701464,0.7969808562037001,0.3171898324347922
0.9433966314014763,-0.5011589024796425,-0.015777607629701464,0.7969808562037001,0.3171898324347922,-0.28977696630443817,-0.29148445077224727
0.9512586128909231,0.7969808562037001,0.3171898324347922,-0.28977696630443817,-0.29148445077224727,-0.5072038898992618,-0.025705381662544987
0.9590932781979695,-0.28977696630443817,-0.29148445077224727,-0.5072038898992618,-0.025705381662544987,0.7938767871165539,0.32494137168063103
0.9669010570592609,-0.5072038898992618,-0.025705381662544987,0.7938767871165539,0.32494137168063103,-0.28102778600590017,-0.28889691123092587
0.9746826652753553,0.7938767871165539,0.32494137168063103,-0.28102778600590017,-0.28889691123092587,-0.5128490011106536,-0.03604446044970516
0.9824391019328207,-0.28102778600590017,-0.28889691123092587,-0.5128490011106536,-0.03604446044970516,0.7907058924582481,0.33264880174560946
0.9901716419782023,-0.5128490011106536,-0.03604446044970516,0.7907058924582481,0.33264880174560946,-0.27263532349043773,-0.2858786584443688
0.9978818242496174,0.7907058924582481,0.33264880174560946,-0.27263532349043773,-0.2858786584443688,-0.5180705689678101,-0.046770143301240616
1.0055714353959408,-0.27263532349043773,-0.2858786584443688,-0.5180705689678101,-0.046770143301240616,0.7874694977293943,0.3403095656400466
1.0132424901200072,-0.5180705689678101,-0.046770143301240616,0.7874694977293943,0.3403095656400466,-0.26462295051708423,-0.2824533002252917
1.02089720829037,0.7874694977293943,0.3403095656400466,-0.26462295051708423,-0.2824533002252917,-0.5228465472123099,-0.057856265414754915
1.0285379893755178,-0.26462295051708423,-0.2824533002252917,-0.5228465472123099,-0.057856265414754915,0.784168951231557,0.34792122067226383
1.0361673847727524,-0.5228465472123099,-0.057856265414754915,0.784168951231557,0.34792122067226383,-0.25701233869247037,-0.27864588720991557
1.0437880685035381,0.784168951231557,0.34792122067226383,-0.25701233869247037,-0.27864588720991557,-0.5271566125390865,-0.06927533346234827
1.0514028067457666,-0.25701233869247037,-0.27864588720991557,-0.5271566125390865,-0.06927533346234827,0.7808056132731243,0.35548145728279346
1.0590144265763404,-0.5271566125390865,-0.06927533346234827,0.7808056132731243,0.35548145728279346,-0.24982335759981775,-0.2744827824890196
1.0666257843100586,0.7808056132731243,0.35548145728279346,-0.24982335759981775,-0.2744827824890196,-0.5309822556733064,-0.08099867479377389
1.0742397338123706,-0.24982335759981775,-0.2744827824890196,-0.5309822556733064,-0.08099867479377389,0.7773808437996388,0.3629881188950961
1.0818590949696392,-0.5309822556733064,-0.08099867479377389,0.7773808437996388,0.3629881188950961,-0.24307398481780407,-0.2699915199061294
1.0894866227840074,0.7773808437996388,0.3629881188950961,-0.24307398481780407,-0.2699915199061294,-0.5343068589818345,-0.09299659898896671
1.0971249772284757,-0.24307398481780407,-0.2699915199061294,-0.5343068589818345,-0.09299659898896671,0.7738959884239149,0.3704392225196472
1.1047766943045885,-0.5343068589818345,-0.09299659898896671,0.7738959884239149,0.3704392225196472,-0.23678022997470394,-0.2652006520481538
1.1124441585669769,0.7738959884239149,0.3704392225196472,-0.23678022997470394,-0.2652006520481538,-0.5371157584492108,-0.1052385704714935
1.1201295775007731,-0.23678022997470394,-0.2652006520481538,-0.5371157584492108,-0.1052385704714935,0.7703523630635499,0.3778329794002201
1.1278349581521023,-0.5371157584492108,-0.1052385704714935,0.7703523630635499,0.3778329794002201,-0.23095607521442982,-0.2601395896945367
1.1355620863586466,0.7703523630635499,0.3778329794002201,-0.23095607521442982,-0.2601395896945367,-0.5393962878491199,-0.11769338970568345
1.143312509024528,-0.23095607521442982,-0.2601395896945367,-0.5393962878491199,-0.11769338970568345,0.7667512374145975,0.3851678150655046
1.1510875198109511,-0.5393962878491199,-0.11769338970568345,0.7667512374145975,0.3851678150655046,-0.22561343399855402,-0.2548384349849763
1.1588881485311084,0.7667512374145975,0.3851678150655046,-0.22561343399855402,-0.2548384349849763,-0.5411378034160432,-0.13032938008052838
1.1667151545505374,-0.22561343399855402,-0.2548384349849763,-0.5411378034160432,-0.13032938008052838,0.7630938176531706,0.39244238793526837
1.1745690242829847,-0.5411378034160432,-0.13032938008052838,0.7630938176531706,0.39244238793526837,-0.22076212983043497,-0.24932781118371974
1.182449972936875,0.7630938176531706,0.39244238793526837,-0.22076212983043497,-0.24932781118371974,-0.5423316878227353,-0.14311457675154873
1.1903579502421462,-0.22076212983043497,-0.24932781118371974,-0.5423316878227353,-0.14311457675154873,0.7593812287587269,0.39965560577588755
1.1982926500342732,-0.5423316878227353,-0.14311457675154873,0.7593812287587269,0.39965560577588755,-0.21640989572616223,-0.2436386922155921
1.2062535232243383,0.7593812287587269,0.39965560577588755,-0.21640989572616223,-0.2436386922155921,-0.5429713330325643,-0.1560169135602955
1.2142397937097391,-0.21640989572616223,-0.2436386922155921,-0.5429713330325643,-0.1560169135602955,0.7556144969712105,0.40680663920555915
1.2222504765034703,-0.5429713330325643,-0.1560169135602955,0.7556144969712105,0.40680663920555915,-0.21256239460979864,-0.2378022354746039
1.230284397490961,0.7556144969712105,0.40680663920555915,-0.21256239460979864,-0.2378022354746039,-0.5430521023614115,-0.16900440373095532
1.2383402140446655,-0.21256239460979864,-0.2378022354746039,-0.5430521023614115,-0.16900440373095532,0.7517945329180787,0.41389493155488544
1.2464164358790628,-0.5430521023614115,-0.16900440373095532,0.7517945329180787,0.41389493155488544,-0.20922325995488888,-0.2318496214430111
1.254511445351047,0.7517945329180787,0.41389493155488544,-0.20922325995488888,-0.2318496214430111,-0.5425712729631896,-0.18204531011187444
1.2626235169003612,-0.20922325995488888,-0.2318496214430111,-0.5425712729631896,-0.18204531011187444,0.7479221159036733,0.4209202046021454
1.2707508349923586,-0.5425712729631896,-0.18204531011187444,0.7479221159036733,0.4209202046021454,-0.2063941551194356,-0.2258119034188201
1.2788915103466483,0.7479221159036733,0.4209202046021454,-0.2063941551194356,-0.2258119034188201,-0.5415279607842375,-0.19510830118332542
1.287043594314579,-0.2063941551194356,-0.2258119034188201,-0.5415279607842375,-0.19510830118332542,0.7439978798781653,0.42788245976179357
1.2952050912994013,-0.5415279607842375,-0.19510830118332542,0.7439978798781653,0.42788245976179357,-0.20407484911532967,-0.21971987035635548
1.3033739693657755,0.7439978798781653,0.42788245976179357,-0.20407484911532967,-0.21971987035635548,-0.5399230307628354,-0.20816258940543816
1.3115481692105744,-0.20407484911532967,-0.21971987035635548,-0.5399230307628354,-0.20816258940543816,0.740022301497016,0.4347819745834026
1.319725611745872,-0.5399230307628354,-0.20816258940543816,0.740022301497016,0.4347819745834026,-0.2022633058577554,-0.21360392519212512
1.3279042047090348,0.740022301497016,0.4347819745834026,-0.2022633058577554,-0.21360392519212512,-0.5377589956392603,-0.22117804939127758
1.336081848662389,-0.2022633058577554,-0.21360392519212512,-0.5377589956392603,-0.22117804939127758,0.7359956906300776,0.4416192945572752
1.3442564428306216,-0.5377589956392603,-0.22117804939127758,0.7359956906300776,0.4416192945572752,-0.20095578349395524,-0.20749398037816064
1.3524258912309,0.7359956906300776,0.4416192945572752,-0.20095578349395524,-0.20749398037816064,-0.5350399071361222,-0.2341253141791147
1.3605881095452743,-0.20095578349395524,-0.20749398037816064,-0.5350399071361222,-0.2341253141791147,0.7319181835889306,0.4483952204024288
1.3687410331750922,-0.5350399071361222,-0.2341253141791147,0.7319181835889306,0.4483952204024288,-0.20014694012597792,-0.2014193715748709
1.3768826268603966,0.7319181835889306,0.4483952204024288,-0.20014694012597792,-0.2014193715748709,-0.5317712434629523,-0.24697584882755805
1.3850108961338976,-0.20014694012597792,-0.2014193715748709,-0.5317712434629523,-0.24697584882755805,0.7277897392276007,0.4551107911973124
1.3931239009267473,-0.5317712434629523,-0.24697584882755805,0.7277897392276007,0.4551107911973124,-0.19982994216340924,-0.19540878963470423
1.4012197713499717,0.7277897392276007,0.4551107911973124,-0.19982994216340924,-0.19540878963470423,-0.5279597970641912,-0.2597020015626083
1.4092967256648217,-0.19982994216340924,-0.19540878963470423,-0.5279597970641912,-0.2597020015626083,0.7236101379864389,0.4617672638201272
1.4173530902095481,-0.5279597970641912,-0.2597020015626083,0.7236101379864389,0.4617672638201272,-0.1999965716763343,-0.1894902302583219
1.4253873210342811,0.7236101379864389,0.4617672638201272,-0.1999965716763343,-0.1894902302583219,-0.5236135663101044,-0.27227703356180544
1.4333980265850657,-0.1999965716763343,-0.1894902302583219,-0.5236135663101044,-0.27227703356180544,0.7193789838575085,0.4683660892608451
1.4413839909580142,-0.5236135663101044,-0.27227703356180544,0.7193789838575085,0.4683660892608451,-0.20063732941764523,-0.1836909600090846
1.4493441967824319,0.7193789838575085,0.4683660892608451,-0.20063732941764523,-0.1836909600090846,-0.5187416544398631,-0.28467512925176064
1.4572778471139336,-0.20063732941764523,-0.1836909600090846,-0.5187416544398631,-0.28467512925176064,0.7150957092164633,0.47490888635503486
1.4651843852275037,-0.5187416544398631,-0.28467512925176064,0.7150957092164633,0.47490888635503486,-0.20174153061107528,-0.1780374968450024
1.4730635117247959,0.7150957092164633,0.47490888635503486,-0.20174153061107528,-0.1780374968450024,-0.5133541786053878,-0.2968713895100326
1.4809151980963087,-0.20174153061107528,-0.1780374968450024,-0.5133541786053878,-0.2968713895100326,0.710759582340292,0.481397413613584
1.488739696211972,-0.5133541786053878,-0.2968713895100326,0.710759582340292,0.481397413613584,-0.20329739113374137,-0.17255560277626733
1.4965375433034744,0.710759582340292,0.481397413613584,-0.20329739113374137,-0.17255560277626733,-0.5074621912065505,-0.3088418108373169
1.504309562184232,-0.20329739113374137,-0.17255560277626733,-0.5074621912065505,-0.3088418108373169,0.7063697174963571,0.4878335396428417
1.5120568567056418,-0.5074621912065505,-0.3088418108373169,0.7063697174963571,0.4878335396428417,-0.20529210228749398,-0.16727028608000455
1.5197808026017203,0.7063697174963571,0.4878335396428417,-0.20529210228749398,-0.16727028608000455,-0.501077615208863,-0.3205632535628373
1.5274830338809204,-0.20529210228749398,-0.16727028608000455,-0.501077615208863,-0.3205632535628373,0.701925087358143,0.49421921277706987
1.5351654253965585,-0.501077615208863,-0.3205632535628373,0.701925087358143,0.49421921277706987,-0.2077118929729035,-0.1622058101685771
1.5428300717515075,0.701925087358143,0.49421921277706987,-0.2077118929729035,-0.1622058101685771,-0.49421319438523925,-0.33201340260849294
1.5504792634266082,-0.2077118929729035,-0.1622058101685771,-0.49421319438523925,-0.33201340260849294,0.6974245375743142,0.5005564303663401
1.5581154603174407,-0.49421319438523925,-0.33201340260849294,0.6974245375743142,0.5005564303663401,-0.2105420786549513,-0.157385706245731
1.5657412633974868,0.6974245375743142,0.5005564303663401,-0.2105420786549513,-0.157385706245731,-0.4868824589193627,-0.3431707241206093
1.5733593849304417,-0.2105420786549513,-0.157385706245731,-0.4868824589193627,-0.3431707241206093,0.6928668032590872,0.5068472081890614
1.5809726176676677,-0.4868824589193627,-0.3431707241206093,0.6928668032590872,0.5068472081890614,-0.21376709709279867,-0.1528327868454314
1.5885838034011857,0.6928668032590872,0.5068472081890614,-0.21376709709279867,-0.1528327868454314,-0.47909970616628833,-0.35401442134363015
1.596195801237338,-0.21376709709279867,-0.1528327868454314,-0.47909970616628833,-0.35401442134363015,0.6882505272261527,0.5130935503256854
1.6038114559399648,-0.47909970616628833,-0.35401442134363015,0.6882505272261527,0.5130935503256854,-0.21737053130075912,-0.14856915752613148
1.611433566608695,0.6882505272261527,0.5130935503256854,-0.21737053130075912,-0.14856915752613148,-0.4708799959253933,-0.3645243927995541
1.6190648560206804,-0.21737053130075912,-0.14856915752613148,-0.4708799959253933,-0.3645243927995541,0.6835742797355597,0.5192974198580091
1.6267079408996854,-0.4708799959253933,-0.3645243927995541,0.6835742797355597,0.5192974198580091,-0.221335120712474,-0.14461622412136704
1.6343653034899022,0.6835742797355597,0.5192974198580091,-0.221335120712474,-0.14461622412136704,-0.4622391590230855,-0.3746811957366423
1.6420392646953754,-0.221335120712474,-0.14461622412136704,-0.4622391590230855,-0.3746811957366423,0.6788365795467207,0.5254607106804619
1.649731959310428,-0.4622391590230855,-0.3746811957366423,0.6788365795467207,0.5254607106804619,-0.22564276193379484,-0.14099469323059016
1.6574453135454565,0.6788365795467207,0.5254607106804619,-0.22564276193379484,-0.14099469323059016,-0.4531938176129256,-0.3844660174498719
1.6651810253919666,-0.22564276193379484,-0.14099469323059016,-0.4531938176129256,-0.3844660174498719,0.6740359160530542,0.5315852206947088
1.6729405480773274,-0.4531938176129256,-0.3844660174498719,0.6740359160530542,0.5315852206947088,-0.23027450084984305,-0.13772456392896745
1.6807250771766586,0.6740359160530542,0.5315852206947088,-0.23027450084984305,-0.13772456392896745,-0.4437614152032109,-0.39386065676574156
1.6885355414443082,-0.23027450084984305,-0.13772456392896745,-0.4437614152032109,-0.39386065676574156,0.669170772286657,0.5376726266063097
1.696372597768107,-0.4437614152032109,-0.39386065676574156,0.669170772286657,0.5376726266063097,-0.23521051814530655,-0.13482510904444123
1.7042366302521847,0.669170772286657,0.5376726266063097,-0.23521051814530655,-0.13482510904444123,-0.4339602541413502,-0.40284751756186865
1.7121277534629404,-0.23521051814530655,-0.13482510904444123,-0.4339602541413502,-0.40284751756186865,0.6642396484932825,0.5437244606189964
1.720045819685573,-0.4339602541413502,-0.40284751756186865,0.6642396484932825,0.5437244606189964,-0.24043011062620476,-0.1323148446983472
1.727990429790306,0.6642396484932825,0.5437244606189964,-0.24043011062620476,-0.1323148446983472,-0.4238095378670776,-0.4114096159206494
1.735960947398929,-0.24043011062620476,-0.1323148446983472,-0.4238095378670776,-0.4114096159206494,0.6592410860151966,0.5497420892342364
1.7439565157097237,-0.4238095378670776,-0.4114096159206494,0.6592410860151966,0.5497420892342364,-0.24591167088129534,-0.13021148729627022
1.7519760762835754,0.6592410860151966,0.5497420892342364,-0.24591167088129534,-0.13021148729627022,-0.4133294151339011,-0.41953060193796643
1.760018389272812,-0.24591167088129534,-0.13021148729627022,-0.4133294151339011,-0.41953060193796643,0.6541736911291024,0.5557266944371687
1.768082054131118,-0.4133294151339011,-0.41953060193796643,0.6541736911291024,0.5557266944371687,-0.2516326680210069,-0.1285318975974403
1.7761655303675763,0.6541736911291024,0.5557266944371687,-0.2516326680210069,-0.1285318975974403,-0.40254102310809525,-0.4271947968397286
1.784267157607929,-0.2516326680210069,-0.1285318975974403,-0.40254102310809525,-0.4271947968397286,0.6490361584931126,0.5616792574970574
1.7923851744612471,-0.40254102310809525,-0.4271947968397286,0.6490361584931126,0.5616792574970574,-0.2575696322598478,-0.12729201202968093
1.8005177358887272,0.6490361584931126,0.5616792574970574,-0.2575696322598478,-0.12729201202968093,-0.3914665262332645,-0.43438724546737656
1.8086629287153795,-0.2575696322598478,-0.12729201202968093,-0.3914665262332645,-0.43438724546737656,0.6438272938032937,0.5676005456308968
1.8168187852977,-0.3914665262332645,-0.43438724546737656,0.6438272938032937,0.5676005456308968,-0.26369814611278747,-0.126506761938419
1.8249832952466436,0.6438272938032937,0.5676005456308968,-0.26369814611278747,-0.126506761938419,-0.38012914769050604,-0.4410937836924779
1.8331544153700914,-0.26369814611278747,-0.126506761938419,-0.38012914769050604,-0.4410937836924779,0.6385460352040346,0.5734911017958331
1.8413300780953448,-0.38012914769050604,-0.4410937836924779,0.6385460352040346,0.5734911017958331,-0.2699928449017961,-0.12618998200458703
1.849508198654526,0.6385460352040346,0.5734911017958331,-0.2699928449017961,-0.12618998200458703,-0.3685531903022384,-0.4473011197912462
1.8576866814106168,-0.2699928449017961,-0.12618998200458703,-0.3685531903022384,-0.4473011197912462,0.633191473049274,0.5793512377683553
1.8658634257313103,-0.3685531903022384,-0.4473011197912462,0.633191473049274,0.5793512377683553,-0.2764274289733632,-0.12635430961848562
1.8740363318930062,0.633191473049274,0.5793512377683553,-0.2764274289733632,-0.12635430961848562,-0.3567640440759107,-0.45299692814986986
1.8822033074314548,-0.2764274289733632,-0.12635430961848562,-0.3567640440759107,-0.45299692814986986,0.6277628675607665,0.5851810306847409
1.8903622744226323,-0.3567640440759107,-0.45299692814986986,0.6277628675607665,0.5851810306847409,-0.2829746897601332,-0.1270110774774777
1.8985111780581128,0.6277628675607665,0.5851810306847409,-0.2829746897601332,-0.1270110774774777,-0.34478817780063314,-0.45816995320726345
1.906647996953379,-0.2829746897601332,-0.1270110774774777,-0.34478817780063314,-0.45816995320726345,0.6222596639806188,0.590980323121261
1.9147707553697852,-0.34478817780063314,-0.45816995320726345,0.6222596639806188,0.590980323121261,-0.2896065513511479,-0.1281702021130378
1.9228775376342064,0.6222596639806188,0.590980323121261,-0.2896065513511479,-0.1281702021130378,-0.33265311262947084,-0.46281012100822344
1.9309665047620959,-0.2896065513511479,-0.1281702021130378,-0.33265311262947084,-0.46281012100822344,0.6166815048580601,0.5967487267174769
1.939035913173018,-0.33265311262947084,-0.46281012100822344,0.6166815048580601,0.5967487267174769,-0.296294128704849,-0.1298400713824473
1.9470841353380377,0.6166815048580601,0.5967487267174769,-0.296294128704849,-0.1298400713824473,-0.320387376153211,-0.4669086553350298
1.9551096818537246,-0.296294128704849,-0.1298400713824473,-0.320387376153211,-0.4669086553350298,0.6110282392075144,0.6024856292256282
1.9631112244315763,-0.320387376153211,-0.4669086553350298,0.6110282392075144,0.6024856292256282,-0.3030078029957393,-0.13202743415542623
1.9710876191114,0.6110282392075144,0.6024856292256282,-0.3030078029957393,-0.13202743415542623,-0.308020436211775,-0.47045819507020215
1.9790379288775046,-0.3030078029957393,-0.13202743415542623,-0.308020436211775,-0.47045819507020215,0.6052999283370208,0.6081902048011012
1.986961444822415,-0.308020436211775,-0.47045819507020215,0.6052999283370208,0.6081902048011012,-0.30971731396543456,-0.1347372954822946
1.9948577050709102,0.6052999283370208,0.6081902048011012,-0.30971731396543456,-0.1347372954822946,-0.29558261437158617,-0.4734529093188068
2.002726510625614,-0.30971731396543456,-0.1347372954822946,-0.29558261437158617,-0.4734529093188068,0.5994968482910493,0.6138614272106204
2.0105679374327394,-0.29558261437158617,-0.4734529093188068,0.5994968482910493,0.6138614272106204,-0.316391868441897,-0.13797282041069253
2.0183823442523816,0.5994968482910493,0.6138614272106204,-0.316391868441897,-0.13797282041069253,-0.28310497984915217,-0.47588860679992806
2.0261703758261613,-0.316391868441897,-0.13797282041069253,-0.28310497984915217,-0.47588860679992806,0.5936194889671651,0.6194980855471034
2.0339329613457378,-0.28310497984915217,-0.47588860679992806,0.5936194889671651,0.6194980855471034,-0.32300026356828593,-0.1417352493378735
2.0416713081335653,0.5936194889671651,0.6194980855471034,-0.32300026356828593,-0.1417352493378735,-0.270619225398879,-0.4777628362092301
2.0493868907642527,-0.32300026356828593,-0.1417352493378735,-0.270619225398879,-0.4777628362092301,0.5876685501513789,0.6250988019028159
2.0570814359885086,-0.270619225398879,-0.4777628362092301,0.5876685501513789,0.6250988019028159,-0.32951102266544274,-0.14602382731119806
2.0647569038487283,0.5876685501513789,0.6250988019028159,-0.32951102266544274,-0.14602382731119806,-0.258157527485936,-0.479074974591618
2.072415465507775,-0.32951102266544274,-0.14602382731119806,-0.258157527485936,-0.479074974591618,0.5816449346316992,0.6306620505879821
2.0800594782877875,-0.258157527485936,-0.479074974591618,0.5816449346316992,0.6306620505879821,-0.3358925414462849,-0.1508357492728333
2.087691458509376,0.5816449346316992,0.6306620505879821,-0.3358925414462849,-0.1508357492728333,-0.24575239318541423,-0.479826301315149
2.0953140525176126,-0.3358925414462849,-0.1508357492728333,-0.24575239318541423,-0.479826301315149,0.5755497389974557,0.6361861781199017
2.1029300064644905,-0.24575239318541423,-0.479826301315149,0.5755497389974557,0.6361861781199017,-0.34211324162618895,-0.1561661223870551
2.1105421352415137,0.5755497389974557,0.6361861781199017,-0.34211324162618895,-0.1561661223870551,-0.23343649737126662,-0.4800200557328468
2.1181532908581797,-0.34211324162618895,-0.1561661223870551,-0.23343649737126662,-0.4800200557328468,0.5693842424727772,0.6416694235321948
2.1257663307462584,-0.23343649737126662,-0.4800200557328468,0.5693842424727772,0.6416694235321948,-0.348141729234034,-0.16200794613138958
2.1333840861546083,0.5693842424727772,0.6416694235321948,-0.348141729234034,-0.16200794613138958,-0.2212425132387431,-0.4796614774008054
2.141009331061286,-0.348141729234034,-0.16200794613138958,-0.2212425132387431,-0.4796614774008054,0.5631498943157763,0.6471099384490179
2.148644751829221,-0.2212425132387431,-0.4796614774008054,0.5631498943157763,0.6471099384490179,-0.35394695480851035,-0.16835211012311027
2.1562929178839143,0.5631498943157763,0.6471099384490179,-0.35394695480851035,-0.16835211012311027,-0.20920293950726596,-0.47875782832590774
2.1639562539233173,-0.35394695480851035,-0.16835211012311027,-0.20920293950726596,-0.47875782832590774,0.5568483003887967,0.6525058063789444
2.171637013725225,-0.20920293950726596,-0.47875782832590774,0.5568483003887967,0.6525058063789444,-0.3594983728071061,-0.17518740899844135
2.179337256204291,0.5568483003887967,0.6525058063789444,-0.3594983728071061,-0.17518740899844135,-0.1973499275816906,-0.47731839738050325
2.187058823965048,-0.3594983728071061,-0.17518740899844135,-0.1973499275816906,-0.47731839738050325,0.5504812093367766,0.6578550608990407
2.194803324788766,-0.1973499275816906,-0.47731839738050325,0.5504812093367766,0.6578550608990407,-0.36476609802173576,-0.18250057332461747
2.2025721164352814,0.5504812093367766,0.6578550608990407,-0.36476609802173576,-0.18250057332461747,-0.18571511131504073,-0.47535448757442345
2.2103662950774043,-0.36476609802173576,-0.18250057332461747,-0.18571511131504073,-0.47535448757442345,0.5440504988765346,0.6631557023944976
2.218186687707337,-0.18571511131504073,-0.47535448757442345,0.5440504988765346,0.6631557023944976,-0.36972105708430997,-0.1902763150793072
2.2260338486022047,0.5440504988765346,0.6631557023944976,-0.36972105708430997,-0.1902763150793072,-0.17432944179222454,-0.4728793873151907
2.233908059997749,-0.36972105708430997,-0.1902763150793072,-0.17432944179222454,-0.4728793873151907,0.5375581625454195,0.6684057131956801
2.2418093368713254,-0.17432944179222454,-0.4728793873151907,0.5375581625454195,0.6684057131956801,-0.37433513366883686,-0.19849738611770115
2.24973743558645,0.5375581625454195,0.6684057131956801,-0.37433513366883686,-0.19849738611770115,-0.16322302887658258,-0.46990832707797925
2.2576918660713714,-0.37433513366883686,-0.19849738611770115,-0.16322302887658258,-0.46990832707797925,0.5310062971808743,0.6736030710450563
2.26567190702135,-0.16322302887658258,-0.46990832707797925,0.5310062971808743,0.6736030710450563,-0.378581306423149,-0.20714464799228025
2.2736766236044232,0.5310062971808743,0.6736030710450563,-0.378581306423149,-0.20714464799228025,-0.15242499075772517,-0.4664584230527764
2.2817048867893273,-0.378581306423149,-0.20714464799228025,-0.15242499075772517,-0.4664584230527764,0.5243970913956322,0.6787457608506888
2.2897553939233455,-0.15242499075772517,-0.4664584230527764,0.5243970913956322,0.6787457608506888,-0.38243377901575815,-0.21619715144314985
2.297826689468113,0.5243970913956322,0.6787457608506888,-0.38243377901575815,-0.21619715144314985,-0.1419633123798739,-0.46254860940753934
2.3059171855966434,-0.38243377901575815,-0.21619715144314985,-0.1419633123798739,-0.46254860940753934,0.5177328150025895,0.6838317849348836
2.3140251818406457,-0.1419633123798739,-0.46254860940753934,0.5177328150025895,0.6838317849348836,-0.38586810217080736,-0.22563222432949367
2.3221488834415296,0.5177328150025895,0.6838317849348836,-0.38586810217080736,-0.22563222432949367,-0.13186471283178194,-0.4581995606053903
2.3302864180298806,-0.38586810217080736,-0.22563222432949367,-0.13186471283178194,-0.4581995606053903,0.5110158095325826,0.688859171826428
2.3384358504967775,-0.13186471283178194,-0.4581995606053903,0.5110158095325826,0.688859171826428,-0.3888612876334596,-0.23542556665511807
2.3465951958467293,0.5110158095325826,0.688859171826428,-0.3888612876334596,-0.23542556665511807,-0.1221545218991228,-0.4534336051713103
2.3547624302834023,-0.3888612876334596,-0.23542556665511807,-0.1221545218991228,-0.4534336051713103,0.5042484795563185,0.6938259839623564
2.3629355005447548,-0.1221545218991228,-0.4534336051713103,0.5042484795563185,0.6938259839623564,-0.3913919143678632,-0.24555135210931514
2.371112331818279,0.5042484795563185,0.6938259839623564,-0.3913919143678632,-0.24555135210931514,-0.11285656518845513,-0.44827463185304167
2.3792908345379105,-0.3913919143678632,-0.24555135210931514,-0.11285656518845513,-0.44827463185304167,0.4974332847711973,0.6987303244420712
2.38746891050887,-0.11285656518845513,-0.44827463185304167,0.4974332847711973,0.6987303244420712,-0.3934402271518745,-0.2559823354118843
2.3956444587376766,0.4974332847711973,0.6987303244420712,-0.3934402271518745,-0.2559823354118843,-0.1039930576193227,-0.44274798903018725
2.4038153814396637,-0.3934402271518745,-0.2559823354118843,-0.1039930576193227,-0.44274798903018725,0.490572732517219,0.7035703431696001
2.411979590704357,-0.1039930576193227,-0.44274798903018725,0.490572732517219,0.7035703431696001,-0.39498822781305265,-0.266689965374241
2.420135016194241,0.490572732517219,0.7035703431696001,-0.39498822781305265,-0.266689965374241,-0.0955845047041662,-0.43688037779535954
2.428279614350024,-0.39498822781305265,-0.266689965374241,-0.0955845047041662,-0.43688037779535954,0.48366937042790237,0.708344242645295
2.436411379398735,-0.0955845047041662,-0.43688037779535954,0.48366937042790237,0.708344242645295,-0.39601975915453863,-0.2776445037238448
2.4445283563537,0.48366937042790237,0.708344242645295,-0.39601975915453863,-0.2776445037238448,-0.08764961127336356,-0.4306997389214507
2.452628656282461,-0.39601975915453863,-0.2776445037238448,-0.08764961127336356,-0.4306997389214507,0.47672577885928574,0.7130502836719501
2.4607104737447933,-0.08764961127336356,-0.4306997389214507,0.47672577885928574,0.7130502836719501,-0.3965205814156638,-0.2888151499757369
2.468772106240331,0.47672577885928574,0.7130502836719501,-0.3965205814156638,-0.2888151499757369,-0.08020519744362174,-0.4242351336962137
2.476811975504702,-0.3965205814156638,-0.2888151499757369,-0.08020519744362174,-0.4242351336962137,0.4697445627238074,0.7176867912079182
2.4848286499214742,-0.08020519744362174,-0.4242351336962137,0.4697445627238074,0.7176867912079182,-0.39647844083842587,-0.30017017274479385
2.4928208677584904,0.4697445627238074,0.7176867912079182,-0.39647844083842587,-0.30017017274479385,-0.07326612188538133,-0.41751661846312477
2.500787560203513,-0.39647844083842587,-0.30017017274479385,-0.07326612188538133,-0.41751661846312477,0.46272834235260063,0.7222521605593163
2.5087278735668734,-0.07326612188538133,-0.41751661846312477,0.46272834235260063,0.7222521605593163,-0.39588312960960764,-0.31167704790976297
2.5166411896916125,0.46272834235260063,0.7222521605593163,-0.39588312960960764,-0.31167704790976297,-0.06684521274299283,-0.4105751126495537
2.524527143787747,-0.39588312960960764,-0.31167704790976297,-0.06684521274299283,-0.4105751126495537,0.4556797430279127,0.7267448640510452
2.5323856389645805,-0.06684521274299283,-0.4105751126495537,0.4556797430279127,0.7267448640510452,-0.39472653614434294,-0.32330260394499843
2.5402168567281898,0.4556797430279127,0.7267448640510452,-0.39472653614434294,-0.32330260394499843,-0.06095320688356959,-0.4034422601060471
2.5480212631778256,-0.39472653614434294,-0.32330260394499843,-0.06095320688356959,-0.4034422601060471,0.4486013827831213,0.7311634583064528
2.555799610355713,-0.06095320688356959,-0.4034422601060471,0.4486013827831213,0.7311634583064528,-0.39300268437768426,-0.3350131746650552
2.5635529329597664,0.4486013827831213,0.7311634583064528,-0.39300268437768426,-0.3350131746650552,-0.05559869840543686,-0.3961502836413979
2.5712825402108894,-0.39300268437768426,-0.3350131746650552,-0.05559869840543686,-0.3961502836413979,0.4414958583534389,0.7355065920524265
2.5789900034136446,-0.05559869840543686,-0.3961502836413979,0.4414958583534389,0.7355065920524265,-0.3907077605432572,-0.3467747589360279
2.58667713937409,0.4414958583534389,0.7355065920524265,-0.3907077605432572,-0.3467747589360279,-0.05078809781018157,-0.38873183311639903
2.5943459902078216,-0.3907077605432572,-0.3467747589360279,-0.05078809781018157,-0.38873183311639903,0.43436572891688535,0.7397730145013593
2.6019988000846976,-0.05078809781018157,-0.38873183311639903,0.43436572891688535,0.7397730145013593,-0.387840125738482,-0.35855318702510713
2.609637989347925,0.43436572891688535,0.7397730145013593,-0.387840125738482,-0.35855318702510713,-0.046525603178403215,-0.38121982747625266
2.617266126649599,-0.387840125738482,-0.35855318702510713,-0.046525603178403215,-0.38121982747625266,0.4272134977245251,0.7439615840612375
2.6248858994294526,-0.046525603178403215,-0.38121982747625266,0.4272134977245251,0.7439615840612375,-0.3844003126376696,-0.3703142921751695
2.6325000833486283,0.4272134977245251,0.7439615840612375,-0.3844003126376696,-0.3703142921751695,-0.04281318508685533,-0.3736472918860685
2.6401115109568445,-0.3844003126376696,-0.3703142921751695,-0.04281318508685533,-0.3736472918860685,0.42004159156607046,0.748071277225138
2.64772304003308,-0.04281318508685533,-0.3736472918860685,0.42004159156607046,0.748071277225138,-0.38039100479305404,-0.3820240859005891
2.6553375218380406,0.42004159156607046,0.748071277225138,-0.38039100479305404,-0.3820240859005891,-0.039650586773016284,-0.3660471913245494
2.6629577697360807,-0.38039100479305404,-0.3820240859005891,-0.039650586773016284,-0.3660471913245494,0.4128523383984869,0.7521011972774142
2.6705865282920755,-0.039650586773016284,-0.3660471913245494,0.4128523383984869,0.7521011972774142,-0.3758169973554071,-0.3936489345455236
2.6782264432845544,0.4128523383984869,0.7521011972774142,-0.3758169973554071,-0.3936489345455236,-0.037035341043079706,-0.3584522627318911
2.685880032964205,-0.3758169973554071,-0.3936489345455236,-0.037035341043079706,-0.3584522627318911,0.40564794342467186,0.756050582511062
2.6935496607572413,-0.037035341043079706,-0.3584522627318911,0.40564794342467186,0.756050582511062,-0.37068513844393236,-0.4051557344416953
2.7012375099204107,0.40564794342467186,0.756050582511062,-0.37068513844393236,-0.4051557344416953,-0.03496280498073937,-0.3508948480693673
2.7089455604658514,-0.37068513844393236,-0.4051557344416953,-0.03496280498073937,-0.3508948480693673,0.39843046423104517,0.7599188135102766
2.7166755687820863,-0.03496280498073937,-0.3508948480693673,0.39843046423104517,0.7599188135102766,-0.3650042511105716,-0.41651208229513975
2.7244290502956297,0.39843046423104517,0.7599188135102766,-0.3650042511105716,-0.41651208229513975,-0.033426213120473384,-0.3434067312151374
2.7322072656486522,-0.3650042511105716,-0.41651208229513975,-0.033426213120473384,-0.3434067312151374,0.3912017856367484,0.7637054190897345
2.740011210553461,-0.033426213120473384,-0.3434067312151374,0.3912017856367484,0.7637054190897345,-0.35878503655806965,-0.42768643730836564
2.747841609734493,0.3912017856367484,0.7637054190897345,-0.35878503655806965,-0.42768643730836564,-0.03241674907867858,-0.3360189817813694
2.7556989149482143,-0.35878503655806965,-0.42768643730836564,-0.03241674907867858,-0.3360189817813694,0.38396359498858756,0.7674100805034474
2.763583307256974,-0.03241674907867858,-0.3360189817813694,0.38396359498858756,0.7674100805034474,-0.35203996005559846,-0.4386482715021755
2.7714947032552533,0.38396359498858756,0.7674100805034474,-0.35203996005559846,-0.4386482715021755,-0.03192363493298894,-0.3287618090012724
2.7794327651154065,-0.35203996005559846,-0.4386482715021755,-0.03192363493298894,-0.3287618090012724,0.3767173588334321,0.7710326335067683
2.787396913966017,-0.03192363493298894,-0.3287618090012724,0.3767173588334321,0.7710326335067683,-0.34478312193325605,-0.4493682046476152
2.795386346091624,0.3767173588334321,0.7710326335067683,-0.34478312193325605,-0.4493682046476152,-0.031934236900175925,-0.32166442885915364
2.8034000513567237,-0.34478312193325605,-0.4493682046476152,-0.031934236900175925,-0.32166442885915364,0.3694643016694631,0.7745730680511028
2.8114368330622654,-0.031934236900175925,-0.32166442885915364,0.3694643016694631,0.7745730680511028,-0.3370301165746263,-0.45981812098304825
2.8194953286706057,0.3694643016694631,0.7745730680511028,-0.3370301165746263,-0.45981812098304825,-0.03243418509483671,-0.3147549470680551
2.8275740305838433,-0.3370301165746263,-0.45981812098304825,-0.03243418509483671,-0.3147549470680551,0.36220538767848875,0.7780315253571781
2.8356713063994134,-0.03243418509483671,-0.3147549470680551,0.36220538767848875,0.7780315253571781,-0.3287978831473483,-0.46997126512696535
2.8437854181596394,0.36220538767848875,0.7780315253571781,-0.3287978831473483,-0.46997126512696535,-0.03340750453114037,-0.30806026023021327
2.851914540079239,-0.3287978831473483,-0.46997126512696535,-0.03340750453114037,-0.30806026023021327,0.3549413061240291,0.7814082922902829
2.8600567745950802,-0.03340750453114037,-0.30806026023021327,0.3549413061240291,0.7814082922902829,-0.32010455213681754,-0.4798023155873804
2.868210166421133,0.3549413061240291,0.7814082922902829,-0.32010455213681754,-0.4798023155873804,-0.03483675398721146,-0.3016059767029029
2.876372714796345,-0.32010455213681754,-0.4798023155873804,-0.03483675398721146,-0.3016059767029029,0.347672460893179,0.7847037931088647
2.884542383845362,-0.03483675398721146,-0.3016059767029029,0.347672460893179,0.7847037931088647,-0.3109692918392491,-0.4892874352674548
2.8927171113492927,0.347672460893179,0.7847037931088647,-0.3109692918392491,-0.4892874352674548,-0.036703169053929854,-0.2954163578414104
2.900894816206355,-0.3109692918392491,-0.4892874352674548,-0.036703169053929854,-0.2954163578414104,0.340398964670478,0.7879185786885894
2.909073404904756,-0.036703169053929854,-0.2954163578414104,0.340398964670478,0.7879185786885894,-0.30141215911680835,-0.49840429907598244
2.917250777514401,0.340398964670478,0.7879185786885894,-0.30141215911680835,-0.49840429907598244,-0.038986805553669554,-0.28951427961260734
2.925424833535952,-0.30141215911680835,-0.49840429907598244,-0.038986805553669554,-0.28951427961260734,0.3331206379233339,0.791053313490463
2.933593478033592,-0.038986805553669554,-0.28951427961260734,0.3331206379233339,0.791053313490463,-0.29145395830125537,-0.5071320998713346
2.941754628749762,0.3331206379233339,0.791053313490463,-0.29145395830125537,-0.5071320998713346,-0.041666679622078436,-0.28392121361912886
2.9499062242340233,-0.29145395830125537,-0.5071320998713346,-0.041666679622078436,-0.28392121361912886,0.3258370126587496,0.7941087606394894
2.9580462337141165,-0.041666679622078436,-0.28392121361912886,0.3258370126587496,0.7941087606394894,-0.28111611157652766,-0.515451534840395
2.9661726688641417,0.3258370126587496,0.7941087606394894,-0.28111611157652766,-0.515451534840395,-0.04472090108222182,-0.2786572257990948
2.9742835976127537,-0.28111611157652766,-0.515451534840395,-0.04472090108222182,-0.2786572257990948,0.31854734093881,0.7970857654567405
2.9823771602299316,-0.04472090108222182,-0.2786572257990948,0.31854734093881,0.7970857654567405,-0.27042054379506947,-0.5233447748728227
2.9904515875655493,0.31854734093881,0.7970857654567405,-0.27042054379506947,-0.5233447748728227,-0.04812679714374036,-0.2737409905839181
2.998505221224825,-0.27042054379506947,-0.5233447748728227,-0.04812679714374036,-0.2737409905839181,0.3112506078240539,0.7999852379032802
3.0065365353441047,-0.04812679714374036,-0.2737409905839181,0.3112506078240539,0.7999852379032802,-0.2593895837220011,-0.5307954202424007
3.0145441594030036,0.3112506078240539,0.7999852379032802,-0.2593895837220011,-0.5307954202424007,-0.05186102410205262,-0.2691898176608799
3.0225269014847562,-0.2593895837220011,-0.5307954202424007,-0.05186102410205262,-0.2691898176608799,0.30394554839001914,0.8028081343671766
3.030483771080146,-0.05186102410205262,-0.2691898176608799,0.30394554839001914,0.8028081343671766,-0.24804588303162514,-0.5377884461288676
3.0384140006881877,0.30394554839001914,0.8028081343671766,-0.24804588303162514,-0.5377884461288676,-0.05589966535839382,-0.26501968823830935
3.046317065430019,-0.24804588303162514,-0.5377884461288676,-0.05589966535839382,-0.26501968823830935,0.29663066834265944,0.8055554392323153
3.0541926996756996,-0.05589966535839382,-0.26501968823830935,0.29663066834265944,0.8055554392323153,-0.23641235354199486,-0.5443101417030888
3.062040910106731,0.29663066834265944,0.8055554392323153,-0.23641235354199486,-0.5443101417030888,-0.06021831480066443,-0.2612452975292269
3.0698619846955797,-0.23641235354199486,-0.5443101417030888,-0.06021831480066443,-0.2612452975292269,0.289304267828023,0.808228146597152
3.0776564970487628,-0.06021831480066443,-0.2612452975292269,0.289304267828023,0.808228146597152,-0.224512122620411,-0.5503480463652394
3.0854253060583456,0.289304267828023,0.808228146597152,-0.224512122620411,-0.5503480463652394,-0.06479214520761181,-0.257880100231913
3.093169550750749,-0.224512122620411,-0.5503480463652394,-0.06479214520761181,-0.257880100231913,0.28196446790402446,0.8108272425181965
3.1008906405029792,-0.06479214520761181,-0.257880100231913,0.28196446790402446,0.8108272425181965,-0.21236850586859782,-0.555890886676741
3.1085902410155946,0.28196446790402446,0.8108272425181965,-0.21236850586859782,-0.555890886676741,-0.06959596203542649,-0.2549363558414558
3.1162702562792357,-0.21236850586859782,-0.555890886676741,-0.06959596203542649,-0.2549363558414558,0.2746092392237736,0.813353688078252
3.123932807192983,-0.06959596203542649,-0.2549363558414558,0.2746092392237736,0.813353688078252,-0.20000499574242495,-0.5609285171711599
3.131580207283506,0.2746092392237736,0.813353688078252,-0.20000499574242495,-0.5609285171711599,-0.07460424348134854,-0.25242517090709254
3.1392149359803874,-0.20000499574242495,-0.5609285171711599,-0.07460424348134854,-0.25242517090709254,0.2672364324693575,0.8158084035442768
3.146839610078969,-0.07460424348134854,-0.25242517090709254,0.2672364324693575,0.8158084035442768,-0.18744526423791766,-0.5654518678946833
3.154456953810777,0.2672364324693575,0.8158084035442768,-0.18744526423791766,-0.5654518678946833,-0.07979116823143972,-0.25035653564959387
3.1620697679029646,-0.18744526423791766,-0.5654518678946833,-0.07979116823143972,-0.25035653564959387,0.2598438101581858,0.8181922538152002
3.1696808981071585,-0.07979116823143972,-0.25035653564959387,0.2598438101581858,0.8181922538152002,-0.17471317748553308,-0.5694529010686242
3.1772932034681522,0.2598438101581858,0.8181922538152002,-0.17471317748553308,-0.5694529010686242,-0.08513063267265256,-0.24873935274657638
3.1849095246751444,-0.17471317748553308,-0.5694529010686242,-0.08513063267265256,-0.24873935274657638,0.2524290794233165,0.8205060353364283
3.192532652808997,-0.08513063267265256,-0.24873935274657638,0.2524290794233165,0.8205060353364283,-0.1618328197157567,-0.5729245788508287
3.200165298784555,0.2524290794233165,0.8205060353364283,-0.1618328197157567,-0.5729245788508287,-0.09059625970755962,-0.24758145648560007
3.2078100637824454,-0.1618328197157567,-0.5729245788508287,-0.09059625970755962,-0.24758145648560007,0.2449899253688767,0.8227504646271823
3.215469410970159,-0.09059625970755962,-0.24758145648560007,0.2449899253688767,0.8227504646271823,-0.14882852379099576,-0.5758608436937449
3.2231456389534743,0.2449899253688767,0.8227504646271823,-0.14882852379099576,-0.5758608436937449,-0.09616140157788078,-0.24688962093343786
3.2308408572034018,-0.14882852379099576,-0.5758608436937449,-0.09616140157788078,-0.24688962093343786,0.23752404478374345,0.8249261684849386
3.2385569639294243,-0.09616140157788078,-0.24688962093343786,0.23752404478374345,0.8249261684849386,-0.13572490563503545,-0.5782566122349818
3.2462956268626026,0.23752404478374345,0.8249261684849386,-0.13572490563503545,-0.5782566122349818,-0.10179913914870783,-0.24666955624995723
3.2540582671310596,-0.13572490563503545,-0.5782566122349818,-0.10179913914870783,-0.24666955624995723,0.23002917971379047,0.8270336759952848
3.261846046816727,-0.10179913914870783,-0.24666955624995723,0.23002917971379047,0.8270336759952848,-0.12254689929848807,-0.5801077832947303
3.269659860304042,0.23002917971379047,0.8270336759952848,-0.12254689929848807,-0.5801077832947303,-0.10748228041530222,-0.2469258927005549
3.2775003297631415,-0.12254689929848807,-0.5801077832947303,-0.10748228041530222,-0.2469258927005549,0.22250315070969662,0.8290734123546826
3.2853678047915977,-0.10748228041530222,-0.2469258927005549,0.22250315070969662,0.8290734123546826,-0.10931978992726209,-0.5814112599166777
3.2932623661270406,0.22250315070969662,0.8290734123546826,-0.10931978992726209,-0.5814112599166777,-0.11318336078243434,-0.2476621524380053
3.301183833415421,-0.10931978992726209,-0.5814112599166777,-0.11318336078243434,-0.2476621524380053,0.21494388926066063,0.8310456945819729
3.3091317765193193,-0.11318336078243434,-0.2476621524380053,0.21494388926066063,0.8310456945819729,-0.09606924142149773,-0.5821649850048592
3.3171055300872245,0.21494388926066063,0.8310456945819729,-0.09606924142149773,-0.5821649850048592,-0.11887464783916273,-0.24888070957711414
3.3251042105688606,-0.09606924142149773,-0.5821649850048592,-0.11887464783916273,-0.24888070957711414,0.20734946909131127,0.8329507291188943
3.3331267353637695,-0.11887464783916273,-0.24888070957711414,0.20734946909131127,0.8329507291188943,-0.08282131599982646,-0.5823679895418642
3.341171843008187,0.20734946909131127,0.8329507291188943,-0.08282131599982646,-0.5823679895418642,-0.12452815309148463,-0.25058273957703076
3.34923811405962,-0.08282131599982646,-0.5823679895418642,-0.12452815309148463,-0.25058273957703076,0.19971813587227918,0.8347886113293591
3.357323991675774,-0.12452815309148463,-0.25058273957703076,0.19971813587227918,0.8347886113293591,-0.06960248287710173,-0.5820204519196871
3.3654278016305836,0.19971813587227918,0.8347886113293591,-0.06960248287710173,-0.5820204519196871,-0.13011565299517727,-0.2527681594096726
3.3735477709678556,-0.06960248287710173,-0.5820204519196871,-0.13011565299517727,-0.2527681594096726,0.19204833487288248,0.836559326882038
3.3816820451667504,-0.13011565299517727,-0.2527681594096726,0.19204833487288248,0.836559326882038,-0.05643961352220299,-0.581123766431797
3.3898287034168497,0.19204833487288248,0.836559326882038,-0.05643961352220299,-0.581123766431797,-0.1356087213506793,-0.2554355604502417
3.3979857720348288,-0.05643961352220299,-0.581123766431797,-0.1356087213506793,-0.2554355604502417,0.18433873613010737,0.8382627549595372
3.4061512359236223,-0.1356087213506793,-0.2554355604502417,0.18433873613010737,0.8382627549595372,-0.043359961415915846,-0.5796806185440919
3.4143230483693405,0.18433873613010737,0.8382627549595372,-0.043359961415915846,-0.5796806185440919,-0.14097877471419135,-0.25858213641544586
3.422499139234369,-0.043359961415915846,-0.5796806185440919,-0.14097877471419135,-0.25858213641544586,0.17658825660522046,0.8398986732313255
3.4306774220340164,-0.14097877471419135,-0.25858213641544586,0.17658825660522046,0.8398986732313255,-0.03039112449627787,-0.5776950641789624
3.4388558001755873,0.17658825660522046,0.8398986732313255,-0.03039112449627787,-0.5776950641789624,-0.1461971321089424,-0.2622036090523636
3.4470321728009217,-0.03039112449627787,-0.5776950641789624,-0.1461971321089424,-0.2622036090523636,0.1687960788663251,0.8414667644793365
3.455204440751795,-0.1461971321089424,-0.2622036090523636,0.1687960788663251,0.8414667644793365,-0.01756098910499329,-0.575172609932041
3.463370512985094,0.1687960788663251,0.8414667644793365,-0.01756098910499329,-0.575172609932041,-0.15123508976133163,-0.26629415454729616
3.4715283140008593,-0.01756098910499329,-0.575172609932041,-0.15123508976133163,-0.26629415454729616,0.16096166591535255,0.8429666247207458
3.479675792633214,-0.15123508976133163,-0.26629415454729616,0.16096166591535255,0.8429666247207458,-0.004897654933704053,-0.5721202909553486
3.4878109325807234,0.16096166591535255,0.8429666247207458,-0.004897654933704053,-0.5721202909553486,-0.1560640109816483,-0.27084633376539785
3.4959317648941983,-0.004897654933704053,-0.5721202909553486,-0.1560640109816483,-0.27084633376539785,0.15308477176503002,0.844397772651682
3.5040363826696526,-0.1560640109816483,-0.27084633376539785,0.15308477176503002,0.844397772651682,0.007570658980789577,-0.5685467431426631
3.5121229579834274,0.15308477176503002,0.844397772651682,0.007570658980789577,-0.5685467431426631,-0.1606554307458194,-0.27585102950901963
3.5201897608120896,0.007570658980789577,-0.5685467431426631,-0.1606554307458194,-0.27585102950901963,0.1451654475858391,0.8457596601757581
3.5282351799383616,-0.1606554307458194,-0.27585102950901963,0.1451654475858391,0.8457596601757581,0.01981572624714549,-0.564462266358756
3.536257745155583,0.1451654475858391,0.8457596601757581,0.01981572624714549,-0.564462266358756,-0.16498117383298438,-0.2812973938170028
3.544256150320748,0.01981572624714549,-0.564462266358756,-0.16498117383298438,-0.2812973938170028,0.13720404318365637,0.8470516837831266
3.5522292765530694,-0.16498117383298438,-0.2812973938170028,0.13720404318365637,0.8470516837831266,0.03180944169768947,-0.5598788755971238
3.560176214680986,0.13720404318365637,0.8470516837831266,0.03180944169768947,-0.5598788755971238,-0.16901348488134563,-0.28717280818600344
3.5680962862198724,0.03180944169768947,-0.5598788755971238,-0.16901348488134563,-0.28717280818600344,0.1292012040066055,0.8482731964685422
3.5759890618997376,-0.16901348488134563,-0.28717280818600344,0.1292012040066055,0.8482731964685422,0.04352396401406826,-0.5548103374635259
3.5838543770644664,0.1292012040066055,0.8482731964685422,0.04352396401406826,-0.5548103374635259,-0.17272516802067356,-0.2934628590050169
3.591692343298944,0.04352396401406826,-0.5548103374635259,-0.17272516802067356,-0.2934628590050169,0.12115786374486481,0.8494235199162588
3.599503355616515,-0.17272516802067356,-0.2934628590050169,0.12115786374486481,0.8494235199162588,0.05493186973542882,-0.5492721897694826
3.6072880951077644,0.12115786374486481,0.8494235199162588,0.05493186973542882,-0.5492721897694826,-0.17608973348029341,-0.30015133014677686
3.615047526769202,0.05493186973542882,-0.5492721897694826,-0.17608973348029341,-0.30015133014677686,0.11307523295368527,0.8505019566418607
3.6227828925776215,-0.17608973348029341,-0.30015133014677686,0.11307523295368527,0.8505019566418607,0.06600631520817501,-0.5432817427531175
3.630495700093801,0.11307523295368527,0.8505019566418607,0.06600631520817501,-0.5432817427531175,-0.17908154816186006,-0.3072202138887438
3.6381877068369537,0.06600631520817501,-0.5432817427531175,-0.17908154816186006,-0.3072202138887438,0.10495478412143887,0.8515078018186886
3.645860900980085,-0.17908154816186006,-0.3072202138887438,0.10495478412143887,0.8515078018186886,0.07672120298682435,-0.5368580610576043
3.653517478778123,0.10495478412143887,0.8515078018186886,0.07672120298682435,-0.5368580610576043,-0.181675987108263,-0.31464974076108493
3.661159819326527,0.07672120298682435,-0.5368580610576043,-0.181675987108263,-0.31464974076108493,0.09679823390322938,0.85244035451845
3.6687904571004015,-0.181675987108263,-0.31464974076108493,0.09679823390322938,0.85244035451845,0.08705134886152999,-0.5300219264484396
3.676412052823489,0.09679823390322938,0.85244035451845,0.08705134886152999,-0.5300219264484396,-0.18384958276475916,-0.32241842807001103
3.6840273631404505,0.08705134886152999,-0.5300219264484396,-0.18384958276475916,-0.32241842807001103,0.08860752312570272,0.8532989281632406
3.691639209405067,-0.18384958276475916,-0.32241842807001103,0.08860752312570272,0.8532989281632406,0.09697264608521677,-0.5227957818069063
3.6992504460846938,0.08860752312570272,0.8532989281632406,0.09697264608521677,-0.5227957818069063,-0.1855801692109193,-0.33050314635633493
3.706863929025325,0.09697264608521677,-0.5227957818069063,-0.1855801692109193,-0.33050314635633493,0.08038479536673693,0.854082860014257
3.7144824839095096,-0.1855801692109193,-0.33050314635633493,0.08038479536673693,0.854082860014257,0.10646222345981503,-0.5152036576666
3.722108875246523,0.08038479536673693,0.854082860014257,0.10646222345981503,-0.5152036576666,-0.18684701882655178,-0.3388792023476577
3.7297457761195045,0.10646222345981503,-0.5152036576666,-0.18684701882655178,-0.3388792023476577,0.07213237477280399,0.8547915195936644
3.7373957390845858,-0.18684701882655178,-0.3388792023476577,0.07213237477280399,0.8547915195936644,0.11549859457166137,-0.5072710829420607
3.745061168517515,0.07213237477280399,0.8547915195936644,0.11549859457166137,-0.5072710829420607,-0.18763096934446516,-0.34752043665160437
3.7527442946923792,0.11549859457166137,-0.5072710829420607,-0.18763096934446516,-0.34752043665160437,0.06385274396946752,0.8554243159701357
3.76044715018512,-0.18763096934446516,-0.34752043665160437,0.06385274396946752,0.8554243159701357,0.12406179575536683,-0.4990249820646311
3.768171548702962,0.06385274396946752,0.8554243159701357,0.12406179575536683,-0.4990249820646311,-0.18791453972483416,-0.35639933390550527
3.775919067023803,0.12406179575536683,-0.4990249820646311,-0.18791453972483416,-0.35639933390550527,0.05554852242842439,0.8559807039306581
3.783691030202342,-0.18791453972483416,-0.35639933390550527,0.05554852242842439,0.8559807039306581,0.13213351145121624,-0.49049356054285886
3.791488500550967,0.05554852242842439,0.8559807039306581,0.13213351145121624,-0.49049356054285886,-0.18768203387964044,-0.3654871433877998
3.799312270492302,0.13213351145121624,-0.49049356054285886,-0.18768203387964044,-0.3654871433877998,0.04722244599814769,0.8564601890665549
3.8071628596106732,-0.18768203387964044,-0.3654871433877998,0.04722244599814769,0.8564601890665549,0.13969718572484352,-0.4817061814146436
3.815040515818055,0.04722244599814769,0.8564601890665549,0.13969718572484352,-0.4817061814146436,-0.18691963172299103,-0.37475400765191186
3.8229452206613805,0.13969718572484352,-0.4817061814146436,-0.18691963172299103,-0.37475400765191186,0.03887734787612356,0.8568623318692998
3.8308766984309726,-0.18691963172299103,-0.37475400765191186,0.03887734787612356,0.8568623318692998,0.14673811964466865,-0.47269323466686175
3.8388344287656087,0.03887734787612356,0.8568623318692998,0.14673811964466865,-0.47269323466686175,-0.18561546752079203,-0.38416909720243875
3.8468176621879575,0.14673811964466865,-0.47269323466686175,-0.18561546752079203,-0.38416909720243875,0.030516141217321033,0.8571867509509493
3.8548254380766163,-0.18561546752079203,-0.38416909720243875,0.030516141217321033,0.8571867509509493,0.15324355462235853,-0.46348600150717434
3.8628566042010815,0.030516141217321033,0.8571867509509493,0.15324355462235853,-0.46348600150717434,-0.18375969583967938,-0.39370074944377564
3.870909837291994,0.15324355462235853,-0.46348600150717434,-0.18375969583967938,-0.39370074944377564,0.022141803538272244,0.8574331255150713
3.8789836638852857,-0.18375969583967938,-0.39370074944377564,0.022141803538272244,0.8574331255150713,0.15920274211781374,-0.45411651517288154
3.887076480777306,0.022141803538272244,0.8574331255150713,0.15920274211781374,-0.45411651517288154,-0.1813445456560858,-0.40331661034219046
3.8951865745103187,0.15920274211781374,-0.45411651517288154,-0.1813445456560858,-0.40331661034219046,0.013757362811914232,0.8576011972158389
3.90331213958331,-0.1813445456560858,-0.40331661034219046,0.013757362811914232,0.8576011972158389,0.164607000487018,-0.44461741946273814
3.9114512948651803,0.013757362811914232,0.8576011972158389,0.164607000487018,-0.44461741946273814,-0.17836436329893204,-0.4129837777531015
3.919602098217157,0.164607000487018,-0.44461741946273814,-0.17836436329893204,-0.4129837777531015,0.005365885116571151,0.8576907715313697
3.9277625591598775,-0.17836436329893204,-0.4129837777531015,0.005365885116571151,0.8576907715313697,0.1694497597997623,-0.43502182590097127
3.935930649651001,0.005365885116571151,0.8576907715313697,0.1694497597997623,-0.43502182590097127,-0.17481564491633322,-0.4226689456303992
3.94410431327151,0.1694497597997623,-0.43502182590097127,-0.17481564491633322,-0.4226689456303992,-0.0030295363840910344,0.8577017187633345
3.952281472994618,-0.17481564491633322,-0.4226689456303992,-0.0030295363840910344,0.8577017187633345,0.1737265954659996,-0.42536317011795743
3.960460037809681,-0.0030295363840910344,0.8577017187633345,0.1737265954659996,-0.42536317011795743,-0.17069705908190835,-0.43233854864537774
3.968637908861,0.1737265954659996,-0.42536317011795743,-0.17069705908190835,-0.43233854864537774,-0.01142579152658849,0.8576339747527625
3.97681298520273,-0.17069705908190835,-0.43233854864537774,-0.01142579152658849,0.8576339747527625,0.17743525146566946,-0.4156750676322915
3.9849831699257496,-0.01142579152658849,0.8576339747527625,0.17743525146566946,-0.4156750676322915,-0.16600945993908076,-0.44195890712047176
3.993146376896229,0.17743525146566946,-0.4156750676322915,-0.16600945993908076,-0.44195890712047176,-0.019819762644899493,0.8574875413705053
4.001300538635233,-0.16600945993908076,-0.44195890712047176,-0.019819762644899493,0.8574875413705053,0.18057565372044942,-0.4059911691222008
4.009443615756047,-0.019819762644899493,0.8574875413705053,0.18057565372044942,-0.4059911691222008,-0.16075589107554972,-0.45149637224830524
4.0175736081419835,0.18057565372044942,-0.4059911691222008,-0.16075589107554972,-0.45149637224830524,-0.028208333915737287,0.8572624868093484
4.025688568325067,-0.16075589107554972,-0.45149637224830524,-0.028208333915737287,0.8572624868093484,0.1831499139381195,-0.39634501508243647
4.033786616983026,-0.028208333915737287,0.8572624868093484,0.1831499139381195,-0.39634501508243647,-0.154941580022382,-0.46091747172691255
4.041865960620929,0.1831499139381195,-0.39634501508243647,-0.154941580022382,-0.46091747172691255,-0.03658840099523594,0.85695894566911
4.04992491134312,-0.154941580022382,-0.46091747172691255,-0.03658840099523594,0.85695894566911,0.18516232397314647,-0.3867698897361772
4.05796190823043,-0.03658840099523594,0.85695894566911,0.18516232397314647,-0.3867698897361772,-0.14857392297791033,-0.4701890559329335
4.065975539991236,0.18516232397314647,-0.3867698897361772,-0.14857392297791033,-0.4701890559329335,-0.04495688138313481,0.8565771187903889
4.0739645681372885,-0.14857392297791033,-0.4701890559329335,-0.04495688138313481,0.8565771187903889,0.18661934045958836,-0.37729867413754575
4.08192795000079,-0.04495688138313481,0.8565771187903889,0.18661934045958836,-0.37729867413754575,-0.14166245907645336,-0.47927844465284386
4.089864860737821,0.18661934045958836,-0.37729867413754575,-0.14166245907645336,-0.47927844465284386,-0.05331072593680434,0.85611727275764
4.097774713468377,-0.14166245907645336,-0.47927844465284386,-0.05331072593680434,0.85611727275764,0.18752955920857955,-0.3679636985473526
4.105657176742644,-0.05331072593680434,0.85611727275764,0.18752955920857955,-0.3679636985473526,-0.13421883327177503,-0.48815357421028815
4.113512188535022,0.18752955920857955,-0.3679636985473526,-0.13421883327177503,-0.48815357421028815,-0.06164693189393965,0.8555797389614341
4.121339966312355,-0.13421883327177503,-0.48815357421028815,-0.06164693189393965,0.8555797389614341,0.1879036786395143,-0.3587965944341098
4.129141012522895,-0.06164693189393965,0.8555797389614341,0.1879036786395143,-0.3587965944341098,-0.12625674674557444,-0.496783144527325
4.136916115435166,0.1879036786395143,-0.3587965944341098,-0.12625674674557444,-0.496783144527325,-0.06996255764012206,0.8549649120884188
4.1446663451655,-0.12625674674557444,-0.496783144527325,-0.06996255764012206,0.8549649120884188,0.1877544513757498,-0.34982814683533686
4.152393045048328,-0.06996255764012206,0.8549649120884188,0.1877544513757498,-0.34982814683533686,-0.11779189373562754,-0.5051367652530826
4.160097818587559,0.1877544513757498,-0.34982814683533686,-0.11779189373562754,-0.5051367652530826,-0.07825473949908031,0.8542732478815462
4.16778251242241,-0.11779189373562754,-0.5051367652530826,-0.07825473949908031,0.8542732478815462,0.18709662310211198,-0.34108814804600435
4.175449195692878,-0.07825473949908031,0.8542732478815462,0.18709662310211198,-0.34108814804600435,-0.10884188360303146,-0.5131850998355425
4.183100136448718,0.18709662310211198,-0.34108814804600435,-0.10884188360303146,-0.5131850998355425,-0.08652071051596148,0.8535052600171705
4.190737775464187,-0.10884188360303146,-0.5131850998355425,-0.08652071051596148,0.8535052600171705,0.1859468578438467,-0.3326052542222683
4.198364698148374,-0.08652071051596148,0.8535052600171705,0.1859468578438467,-0.3326052542222683,-0.099426147327885,-0.5209000057949028
4.205983604884246,0.1859468578438467,-0.3326052542222683,-0.099426147327885,-0.5209000057949028,-0.09475782118719688,0.8526615159443318
4.213597280307494,-0.099426147327885,-0.5209000057949028,-0.09475782118719688,0.8526615159443318,0.18432364905043688,-0.32440684675564707
4.221208561936831,-0.09475782118719688,0.8526615159443318,0.18432364905043688,-0.32440684675564707,-0.08956582786323979,-0.5282546691886852
4.228820308468048,0.18432364905043688,-0.32440684675564707,-0.08956582786323979,-0.5282546691886852,-0.1029635618351849,0.8517426315593513
4.236435368106242,-0.08956582786323979,-0.5282546691886852,-0.1029635618351849,0.8517426315593513,0.182247216219668,-0.31651890073419814
4.244056547130703,-0.1029635618351849,0.8517426315593513,0.182247216219668,-0.31651890073419814,-0.07928365438448287,-0.5352237308251536
4.251686579216339,0.182247216219668,-0.31651890073419814,-0.07928365438448287,-0.5352237308251536,-0.1111355863082995,0.8507492646086413
4.259328095498159,-0.07928365438448287,-0.5352237308251536,-0.1111355863082995,0.8507492646086413,0.17973938724139416,-0.3089658629284702
4.266983596022961,-0.1111355863082995,0.8507492646086413,0.17973938724139416,-0.3089658629284702,-0.06860380093309441,-0.5417834016801715
4.274655422674959,0.17973938724139416,-0.3089658629284702,-0.06860380093309441,-0.5417834016801715,-0.11927173627027755,0.849682106788537
4.282345734100111,-0.06860380093309441,-0.5417834016801715,-0.11927173627027755,0.849682106788537,0.17682346726965917,-0.3017705421265969
4.290056482964592,-0.11927173627027755,0.849682106788537,0.17682346726965917,-0.3017705421265969,-0.05755173099938138,-0.5479115646619405
4.297789395913197,0.17682346726965917,-0.3017705421265969,-0.05755173099938138,-0.5479115646619405,-0.1273700655327423,0.8485418745353304
4.3055459566872765,-0.05755173099938138,-0.5479115646619405,-0.1273700655327423,0.8485418745353304,0.17352409549041817,-0.2949540142881846
4.313327392726363,-0.1273700655327423,0.8485418745353304,0.17352409549041817,-0.2949540142881846,-0.04615402995767564,-0.5535878602471462
4.3211346655426714,0.17352409549041817,-0.2949540142881846,-0.04615402995767564,-0.5535878602471462,-0.1354288634251778,0.8473292986085695
4.328968465186729,-0.04615402995767564,-0.5535878602471462,-0.1354288634251778,0.8473292986085695,0.16986709190104687,-0.28853554509132845
4.336829208813079,-0.1354288634251778,0.8473292986085695,0.16986709190104687,-0.28853554509132845,-0.034438228475868846,-0.5587937535172416
4.344717043431625,0.16986709190104687,-0.28853554509132845,-0.034438228475868846,-0.5587937535172416,-0.14344667653888366,0.8460451125896136
4.352631852654828,-0.034438228475868846,-0.5587937535172416,-0.14344667653888366,0.8460451125896136,0.16587929668163903,-0.2825325316691416
4.360573267219942,-0.14344667653888366,0.8460451125896136,0.16587929668163903,-0.2825325316691416,-0.02243262014275514,-0.5635125809204725
4.3685406787170775,0.16587929668163903,-0.2825325316691416,-0.02243262014275514,-0.5635125809204725,-0.15142232770199146,0.8446900405517925
4.376533256139223,-0.02243262014275514,-0.5635125809204725,-0.15142232770199146,0.8446900405517925,0.16158840542720665,-0.2769604651334445
4.384549964502347,-0.15142232770199146,0.8446900405517925,0.16158840542720665,-0.2769604651334445,-0.010166077725214962,-0.5677295754183486
4.392589584888483,0.16158840542720665,-0.2769604651334445,-0.010166077725214962,-0.5677295754183486,-0.1593549315952495,0.8432647841461431
4.4006507351542,-0.010166077725214962,-0.5677295754183486,-0.1593549315952495,0.8432647841461431,0.15702280364314208,-0.27183291432784534
4.408731890731131,-0.1593549315952495,0.8432647841461431,0.15702280364314208,-0.27183291432784534,0.0023321279521076443,-0.5714318698182984
4.416831404778629,0.15702280364314208,-0.27183291432784534,0.0023321279521076443,-0.5714318698182984,-0.16724390616322718,0.8417700094446516
4.424947527202727,0.0023321279521076443,-0.5714318698182984,-0.16724390616322718,0.8417700094446516,0.15221140420953844,-0.26716153072276827
4.433078422255745,-0.16724390616322718,0.8417700094446516,0.15221140420953844,-0.26716153072276827,0.015032501953688977,-0.574608478721884
4.441222184289897,0.15221140420953844,-0.26716153072276827,0.015032501953688977,-0.574608478721884,-0.17508897933435566,0.8402063338796484
4.44937685161867,0.015032501953688977,-0.574608478721884,-0.17508897933435566,0.8402063338796484,0.14718349136072117,-0.26295607335267535
4.45754041846804,-0.17508897933435566,0.8402063338796484,0.14718349136072117,-0.26295607335267535,0.027905487973634728,-0.5772502605269737
4.465710845154846,0.14718349136072117,-0.26295607335267535,0.027905487973634728,-0.5772502605269737,-0.18289019067381146,0.8385743136377202
4.473886066665701,0.027905487973634728,-0.5772502605269737,-0.18289019067381146,0.8385743136377202,0.1419685744830139,-0.25922445195016586
4.48206399997515,-0.18289019067381146,0.8385743136377202,0.1419685744830139,-0.25922445195016586,0.04092161619079781,-0.579349861687555
4.490242550443613,0.1419685744830139,-0.25922445195016586,0.04092161619079781,-0.579349861687555,-0.1906478877946372,0.8368744318572956
4.498419617741459,0.04092161619079781,-0.579349861687555,-0.1906478877946372,0.8368744318572956,0.1365962545715913,-0.2559727857234346
4.506593101705732,-0.1906478877946372,0.8368744318572956,0.1365962545715913,-0.2559727857234346,0.05405163322304615,-0.5809016461338616
4.51476090862205,0.1365962545715913,-0.2559727857234346,0.05405163322304615,-0.5809016461338616,-0.19836271761947954,0.8351070879375293
4.5229209583750585,0.05405163322304615,-0.5809016461338616,-0.19836271761947954,0.8351070879375293,0.13109610552495135,-0.25320547464441334
4.5310711928378105,-0.19836271761947954,0.8351070879375293,0.13109610552495135,-0.25320547464441334,0.06726661209452843,-0.5819016132931166
4.539209585955669,0.13109610552495135,-0.25320547464441334,0.06726661209452843,-0.5819016132931166,-0.20603561274739518,0.8332725882269023
4.547334155708037,0.06726661209452843,-0.5819016132931166,-0.20603561274739518,0.8332725882269023,0.12549757174670514,-0.2509252797793107
4.555442978298985,-0.20603561274739518,0.8332725882269023,0.12549757174670514,-0.2509252797793107,0.08053804100069029,-0.5823473084475923
4.563534204453195,0.12549757174670514,-0.2509252797793107,0.08053804100069029,-0.5823473084475923,-0.21366777319207259,0.8313711383446047
4.571606077944602,0.08053804100069029,-0.5823473084475923,-0.21366777319207259,0.8313711383446047,0.11982988286869796,-0.24913340906783144
4.579656955993626,-0.21366777319207259,0.8313711383446047,0.11982988286869796,-0.24913340906783144,0.09383789032337486,-0.582237729276774
4.587685331183289,0.11982988286869796,-0.24913340906783144,0.09383789032337486,-0.582237729276774,-0.2212606442278274,0.8294028372503316
4.595689854434407,0.09383789032337486,-0.582237729276774,-0.2212606442278274,0.8294028372503316,0.11412198539896885,-0.247829604871932
4.603669358161293,-0.2212606442278274,0.8294028372503316,0.11412198539896885,-0.247829604871932,0.10713865882885877,-0.5815732323784002
4.611622879035627,0.11412198539896885,-0.247829604871932,0.10713865882885877,-0.5815732323784002,-0.2288158906034129,0.8273676732574631
4.619549679384284,0.10713865882885877,-0.5815732323784002,-0.2288158906034129,0.8273676732574631,0.10840249079865111,-0.24701222996862185
4.6274492664122295,-0.2288158906034129,0.8273676732574631,0.10840249079865111,-0.24701222996862185,0.12041339980476203,-0.5803554432888418
4.635321408450034,0.10840249079865111,-0.24701222996862185,0.12041339980476203,-0.5803554432888418,-0.23633536810418937,0.8252655219662139
4.643166147547854,0.12041339980476203,-0.5803554432888418,-0.23633536810418937,0.8252655219662139,0.10269963837061635,-0.24667834882393855
4.650983807824208,-0.23633536810418937,0.8252655219662139,0.10269963837061635,-0.24667834882393855,0.13363572973357327,-0.578587173142276
4.658774999282259,0.10269963837061635,-0.24667834882393855,0.13363572973357327,-0.578587173142276,-0.243821092736293,0.8230961462293666
4.666540616802536,0.13363572973357327,-0.578587173142276,-0.243821092736293,0.8230961462293666,0.09704127136015214,-0.24682380157046932
4.674281834409545,-0.243821092736293,0.8230961462293666,0.09704127136015214,-0.24682380157046932,0.1467798213761411,-0.5762723446588979
4.682000094930134,0.09704127136015214,-0.24682380157046932,0.1467798213761411,-0.5762723446588979,-0.25127520832397243,0.8208591980897196
4.68969709542073,0.1467798213761411,-0.5762723446588979,-0.25127520832397243,0.8208591980897196,0.09145482386724306,-0.24744326850181947
4.697374768704208,-0.25127520832397243,0.8208591980897196,0.09145482386724306,-0.24744326850181947,0.15982038445672964,-0.5734159295879008
4.705035261573165,0.09145482386724306,-0.24744326850181947,0.15982038445672964,-0.5734159295879008,-0.25869995300818294,0.8185542226654537
4.712680910151736,0.15982038445672964,-0.5734159295879008,-0.25869995300818294,0.8185542226654537,0.08596731608507893,-0.24853032349190496
4.720314212951976,-0.25869995300818294,0.8185542226654537,0.08596731608507893,-0.24853032349190496,0.17273263692310428,-0.5700238991735495
4.727937802116317,0.08596731608507893,-0.24853032349190496,0.17273263692310428,-0.5700238991735495,-0.2660976251374189,0.8161806639241593
4.735554413321044,0.17273263692310428,-0.5700238991735495,-0.2660976251374189,0.8161806639241593,0.08060535516797748,-0.25007747527901997
4.743166854783525,-0.2660976251374189,0.8161806639241593,0.08060535516797748,-0.25007747527901997,0.18549226996944168,-0.5661031886451401
4.750777975701792,0.08060535516797748,-0.25007747527901997,0.18549226996944168,-0.5661031886451401,-0.2734705489677141,0.8137378722757415
4.7583906345323665,0.18549226996944168,-0.5661031886451401,-0.2734705489677141,0.8137378722757415,0.07539513897325983,-0.2520761960865369
4.766007667383938,-0.2734705489677141,0.8137378722757415,0.07539513897325983,-0.2520761960865369,0.1980754099944545,-0.5616616761892053
4.773631856816624,0.07539513897325983,-0.2520761960865369,0.1980754099944545,-0.5616616761892053,-0.28082104057441937,0.8112251138894054
4.7812659014255265,0.1980754099944545,-0.5616616761892053,-0.28082104057441937,0.8112251138894054,0.07036245990811943,-0.25451693757154054
4.788912386383478,-0.28082104057441937,0.8112251138894054,0.07036245990811943,-0.25451693757154054,0.21045858066630016,-0.5567081763178656
4.796573755372399,0.07036245990811943,-0.25451693757154054,0.21045858066630016,-0.5567081763178656,-0.28815137435358973,0.8086415816193314
4.804252284271119,0.21045858066630016,-0.5567081763178656,-0.28815137435358973,0.8086415816193314,0.06553270619341722,-0.25738913459442686
4.811950056869895,-0.28815137435358973,0.8086415816193314,0.06553270619341722,-0.25738913459442686,0.2226186681601727,-0.5512524470249053
4.8196689430801225,0.06553270619341722,-0.25738913459442686,0.2226186681601727,-0.5512524470249053,-0.29546375040241646,0.8059864074281381
4.827410580123751,0.2226186681601727,-0.5512524470249053,-0.29546375040241646,0.8059864074281381,0.060930858057057176,-0.26068119774268733
4.835176356798367,-0.29546375040241646,0.8059864074281381,0.060930858057057176,-0.26068119774268733,0.23453289234535948,-0.5453052096854515
4.84296740155373,0.060930858057057176,-0.26068119774268733,0.23453289234535948,-0.5453052096854515,-0.3027602631215585,0.803258676155753
4.850784574357822,0.23453289234535948,-0.5453052096854515,-0.3027602631215585,0.803258676155753,0.056581476541878936,-0.26438049598428953
4.858628462649115,-0.3027602631215585,0.803258676155753,0.056581476541878936,-0.26438049598428953,0.24617878657967976,-0.5388781801714642
4.866499381546153,0.056581476541878936,-0.26438049598428953,0.24617878657967976,-0.5388781801714642,-0.31004287131303016,0.8004574404818328
4.874397378115889,0.24617878657967976,-0.5388781801714642,-0.31004287131303016,0.8004574404818328,0.052508682935633995,-0.2684733311871335
4.882322239540688,-0.31004287131303016,0.8004574404818328,0.052508682935633995,-0.2684733311871335,0.25753418837739633,-0.5319841092947
4.890273504924357,0.052508682935633995,-0.2684733311871335,0.25753418837739633,-0.5319841092947,-0.31731337014860367,0.7975817368680106
4.898250480175304,0.25753418837739633,-0.5319841092947,-0.31731337014860367,0.7975817368680106,0.04873612710947966,-0.27294490663123366
4.906252255367479,-0.31731337014860367,0.7975817368680106,0.04873612710947966,-0.27294490663123366,0.26857724303912417,-0.5246368302367777
4.914277724011838,0.04873612710947966,-0.27294490663123366,0.26857724303912417,-0.5246368302367777,-0.32457336526428715,0.7946306022845688
4.9223256034084155,0.26857724303912417,-0.5246368302367777,-0.32457336526428715,0.7946306022845688,0.04528694352362586,-0.2777792918717589
4.930394455505218,-0.32457336526428715,0.7946306022845688,0.04528694352362586,-0.2777792918717589,0.27928642174066143,-0.5168513104128106
4.938482707477665,0.04528694352362586,-0.2777792918717589,0.27928642174066143,-0.5168513104128106,-0.33182424947874267,0.7916030914022473
4.946588671514122,0.27928642174066143,-0.5168513104128106,-0.33182424947874267,0.7916030914022473,0.04218369398963875,-0.2829593866910496
4.954710563393723,-0.33182424947874267,0.7916030914022473,0.04218369398963875,-0.2829593866910496,0.28964055548910406,-0.5086437047111984
4.962846519353924,0.04218369398963875,-0.2829593866910496,0.28964055548910406,-0.5086437047111984,-0.33906718231813837,0.788498294022991
4.970994611169278,0.28964055548910406,-0.5086437047111984,-0.33906718231813837,0.788498294022991,0.03944829695286879,-0.2884668868540647
4.979152859273773,-0.33906718231813837,0.788498294022991,0.03944829695286879,-0.2884668868540647,0.2996188853652697,-0.500031407168927
4.987319244065281,0.03944829695286879,-0.2884668868540647,0.2996188853652697,-0.500031407168927,-0.34630307284057443,0.7853153523679027
4.99549171541264,0.2996188853652697,-0.500031407168927,-0.34630307284057443,0.7853153523679027,0.03710194344249471,-0.29428225466161395
5.003668200742332,-0.34630307284057443,0.7853153523679027,0.03710194344249471,-0.29428225466161395,0.30920112939807987,-0.4910330977062895
5.011846611937308,0.03710194344249471,-0.29428225466161395,0.30920112939807987,-0.4910330977062895,-0.35353256596336285,0.7820534779269168
5.020024851544241,0.30920112939807987,-0.4910330977062895,-0.35353256596336285,0.7820534779269168,0.03516500053110539,-0.30038469709752363
5.028200818591729,-0.35353256596336285,0.7820534779269168,0.03516500053110539,-0.30038469709752363,0.3183675654322576,-0.4816687808293939
5.036372414575362,0.03516500053110539,-0.30038469709752363,0.3183675654322576,-0.4816687808293939,-0.3607560327800888,0.7787119674202834
5.044537549983017,0.3183675654322576,-0.4816687808293939,-0.3607560327800888,0.7787119674202834,0.03365690360712916,-0.3067521544859611
5.052694151894684,-0.3607560327800888,0.7787119674202834,0.03365690360712916,-0.3067521544859611,0.32709912917295975,-0.471959812934323
5.0608401729561985,0.03365690360712916,-0.3067521544859611,0.32709912917295975,-0.471959812934323,-0.36797356486790295,0.7752902176064655
5.068973602144981,0.32709912917295975,-0.471959812934323,-0.36797356486790295,0.7752902176064655,0.03259603945993475,-0.31336130198576073
5.077092477534584,-0.36797356486790295,0.7752902176064655,0.03259603945993475,-0.31336130198576073,0.33537752540796834,-0.4619289156207056
5.085194901284498,0.03259603945993475,-0.31336130198576073,0.33537752540796834,-0.4619289156207056,-0.3751849728912539,0.7717877385148796
5.093279056807671,0.33537752540796834,-0.4619289156207056,-0.3751849728912539,0.7717877385148796,0.03199962254803264,-0.3201875661847308
5.101343228006925,-0.3751849728912539,0.7717877385148796,0.03199962254803264,-0.3201875661847308,0.3431853503432214,-0.4516001723301495
5.1093858203305755,0.03199962254803264,-0.3201875661847308,0.3431853503432214,-0.4516001723301495,-0.3823897894258859,0.7682041648390099
5.117405383129187,0.3431853503432214,-0.4516001723301495,-0.3823897894258859,0.7682041648390099,0.03188356731116882,-0.3272051583369801
5.125400632785511,-0.3823897894258859,0.7682041648390099,0.03188356731116882,-0.3272051583369801,0.3505062221147172,-0.4409990065020305
5.13337047584815,0.03188356731116882,-0.3272051583369801,0.3505062221147172,-0.4409990065020305,-0.38958727594504516,0.7645392652150738
5.141314031357058,0.3505062221147172,-0.4409990065020305,-0.38958727594504516,0.7645392652150738,0.032262359636028394,-0.33438712531419834
5.14923065152577,-0.38958727594504516,0.7645392652150738,0.032262359636028394,-0.33438712531419834,0.3573249163090169,-0.4301521399008761
5.157119939956631,0.032262359636028394,-0.33438712531419834,0.3573249163090169,-0.4301521399008761,-0.39677643373017724,0.7607929492026662
5.164981766535156,0.3573249163090169,-0.4301521399008761,-0.39677643373017724,0.7607929492026662,0.03314893074171734,-0.34170541864483694
5.172816278562038,-0.39677643373017724,0.7607929492026662,0.03314893074171734,-0.34170541864483694,0.36362750298846,-0.4190875305578299
5.180623907379723,0.03314893074171734,-0.34170541864483694,0.36362750298846,-0.4190875305578299,-0.4039560182397816,0.7569652719201647
5.1884053703756585,0.36362750298846,-0.4190875305578299,-0.4039560182397816,0.7569652719201647,0.03455453670525388,-0.34913098122629105
5.196161668242835,-0.4039560182397816,0.7569652719201647,0.03455453670525388,-0.34913098122629105,0.3694014815345279,-0.40783429069387434
5.203894077440708,0.03455453670525388,-0.34913098122629105,0.3694014815345279,-0.40783429069387434,-0.41112455655556907,0.7530564362757022
5.211604138236861,0.3694014815345279,-0.40783429069387434,-0.41112455655556907,0.7530564362757022,0.03648864666213778,-0.3566338508322628
5.2192936386337205,-0.41112455655556907,0.7530564362757022,0.03648864666213778,-0.3566338508322628,0.37463590989343143,-0.39642258544344
5.226964594549526,0.03648864666213778,-0.3566338508322628,0.37463590989343143,-0.39642258544344,-0.41828036722871414,0.7490667929290077
5.234619226945989,0.37463590989343143,-0.39642258544344,-0.41828036722871414,0.7490667929290077,0.038958842357365214,-0.3641832787361534
5.242259936223729,-0.41828036722871414,0.7490667929290077,0.038958842357365214,-0.3641832787361534,0.37932152487134907,-0.3848835141928549
5.2498892745513075,0.038958842357365214,-0.3641832787361534,0.37932152487134907,-0.3848835141928549,-0.4254215818128213,0.7449968381975377
5.257509916554976,0.37932152487134907,-0.3848835141928549,-0.4254215818128213,0.7449968381975377,0.04197073120606873,-0.37174786129869847
5.265124628842061,-0.4254215818128213,0.7449968381975377,0.04197073120606873,-0.37174786129869847,0.38345085060675266,-0.37324897689883985
5.266911,0.04197073120606873,-0.37174786129869847,0.38345085060675266,-0.37324897689883985,-0.43254616754463815,0.7408472100802579
